date,week_sum,slope7,slope21,std7,std21,mean7,mean21,cross,skew7,skew21,kurt7,kurt21,min7,min21,max7,max21,weekofyear,month,year,quarter,ratio_x,ratio_y,"('isHoliday', 'count')",temp,temp_min,temp_max,rain,humidity,snow,temp_avg,temp_min_max,temp_min_min,temp_min_avg,temp_max_max,temp_max_min,temp_max_avg
2016-01-04,0.0,0.0,0.0,0.0,0.0,0.0,0.0,0.0,0.0,0.0,0.0,0.0,0.0,0.0,0.0,0.0,1.0,1.0,2016.0,1.0,0.0,16.75552,1.0,2.0,1.2,6.5,0.0,28.0,0.0,3.85,1.2,1.2,1.2,6.5,6.5,6.5
2016-01-11,0.0,-0.42857142857142855,0.0,1.1547005383792515,0.0,0.0,0.0,0.0,0.0,0.0,3.0,0.0,-2.0,0.0,2.0,0.0,2.0,1.0,2016.0,1.0,0.0,17.78589,0.0,-3.8,-3.8,0.3,0.0,22.0,0.0,-2.3857142857142857,-3.8,-3.8,-3.8,0.3,0.3,0.3
2016-01-18,17.0,0.7857142857142857,0.0,2.9920529661723827,0.0,2.4285714285714284,0.0,0.0,0.8309245327118728,0.0,-1.2772068809416062,0.0,0.0,0.0,7.0,0.0,3.0,1.0,2016.0,1.0,0.0,18.10339,0.0,-6.3,-6.3,1.7,1.0,31.0,1.0,-2.6142857142857143,-6.3,-6.3,-6.3,1.7,1.7,1.7
2016-01-25,145.0,4.5,1.4948051948051948,12.378937564997056,11.781947449988298,20.714285714285715,7.714285714285714,1.0,-0.3734164117048769,1.4533684883462838,-0.6678096057717632,0.8844231677278571,3.0,-2.0,38.0,38.0,4.0,1.0,2016.0,1.0,0.0,19.28353,0.0,-9.4,-14.4,-7.1,0.0,26.0,0.0,-10.471428571428572,-14.4,-14.4,-14.4,-7.1,-7.1,-7.1
2016-02-01,387.0,10.42857142857143,3.935064935064935,29.6688067713903,28.58546083988452,55.285714285714285,26.142857142857142,1.0,0.7079344519777235,1.4148983446275067,-0.9967911778690948,1.6876936989737963,21.0,0.0,100.0,100.0,5.0,2.0,2016.0,1.0,0.0,17.18684,0.0,-6.0,-6.0,1.9,0.0,20.0,0.0,-1.7571428571428573,-6.0,-6.0,-6.0,1.9,1.9,1.9
2016-02-08,549.0,-6.928571428571428,3.9636363636363634,49.86266854356788,40.57661770973408,78.42857142857143,51.476190476190474,1.0,0.7538252474010356,1.3169779407867026,1.677680832293737,2.140401287532539,11.0,3.0,170.0,170.0,6.0,2.0,2016.0,1.0,0.0,22.13502,0.0,1.3,-5.3,1.3,0.0,45.0,0.0,-2.1857142857142855,-5.3,-5.3,-5.3,1.3,1.3,1.3
2016-02-15,1025.0,6.107142857142856,6.149350649350649,42.898551424094855,55.97452651919104,146.42857142857142,93.38095238095238,1.0,0.2515055850934268,0.5306000749636925,-1.6127042927548643,-0.5258262222031957,104.0,11.0,210.0,210.0,7.0,2.0,2016.0,1.0,0.0,23.37806,1.0,-5.8,-5.8,11.0,1.0,29.0,0.0,3.157142857142857,-5.8,-5.8,-5.8,11.0,11.0,11.0
2016-02-22,1111.0,14.25,5.597402597402598,49.9022854710893,57.91483895711507,158.71428571428572,127.85714285714286,1.0,1.0976858798384594,0.07442947230652244,0.0751533100702673,-0.09178025725125467,108.0,11.0,246.0,246.0,8.0,2.0,2016.0,1.0,0.0,24.983520000000002,0.0,1.1,-2.7,3.5,1.0,21.0,0.0,0.7,-2.7,-2.7,-2.7,3.5,3.5,3.5
2016-02-29,1321.0,22.642857142857142,4.254545454545455,77.17450849797979,58.45637363921598,188.71428571428572,164.61904761904762,1.0,1.0814657270322343,1.2644156703621805,-0.6505719589010269,1.1144382687570957,124.0,104.0,314.0,314.0,9.0,2.0,2016.0,1.0,0.0,28.1645,0.0,-3.8,-3.8,3.3,1.0,33.0,0.0,-0.014285714285714235,-3.8,-3.8,-3.8,3.3,3.3,3.3
2016-03-07,1632.0,-7.464285714285713,5.8064935064935055,121.4460491623455,89.10758612352775,233.14285714285714,193.52380952380952,1.0,0.26685140535580215,1.0423524731532128,-0.5382705136045125,0.6447017371988873,62.0,62.0,421.0,421.0,10.0,3.0,2016.0,1.0,0.0,31.61205,1.0,8.1,-2.7,13.2,1.0,28.0,0.0,7.0,-2.7,-2.7,-2.7,13.2,13.2,13.2
2016-03-14,1357.0,-5.25,0.6883116883116888,52.01739635746401,86.23624804100933,193.85714285714286,205.23809523809524,-1.0,0.008787669397232939,0.8080296352425039,-1.9400954656828744,0.4711197009556554,125.0,62.0,258.0,421.0,11.0,3.0,2016.0,1.0,0.0,39.288920000000005,1.0,4.7,-1.1,4.7,0.0,31.0,0.0,1.6857142857142857,-1.1,-1.1,-1.1,4.7,4.7,4.7
2016-03-21,1942.0,44.89285714285714,3.9883116883116885,134.80338415986583,109.14101843377638,277.42857142857144,234.8095238095238,1.0,0.8785005395666774,0.97093875490692,-0.7604353936487946,0.5647298081469023,133.0,62.0,491.0,491.0,12.0,3.0,2016.0,1.0,0.0,40.127590000000005,0.0,9.9,5.2,13.4,0.0,30.0,0.0,9.614285714285714,5.2,5.2,5.2,13.4,13.4,13.4
2016-03-28,2398.0,18.678571428571427,11.584415584415584,111.28320799182761,117.76508092687875,342.57142857142856,271.2857142857143,1.0,1.1493994032260308,0.9959240695868874,0.2527442752159672,0.23550988086332691,244.0,125.0,541.0,541.0,13.0,3.0,2016.0,1.0,0.0,48.46342,0.0,9.8,6.5,9.8,0.0,18.0,0.0,7.714285714285714,6.5,6.5,6.5,9.8,9.8,9.8
2016-04-04,4313.0,81.60714285714285,26.83376623376623,275.3364176006196,233.49785356411235,616.1428571428571,412.04761904761904,1.0,0.3854290209140575,1.3437983132431173,-1.001697209351115,1.5560777429747503,303.0,133.0,1045.0,1045.0,14.0,4.0,2016.0,2.0,0.0,54.24728,0.0,12.3,10.7,15.3,0.0,14.0,0.0,12.799999999999999,10.7,10.7,10.7,15.3,15.3,15.3
2016-04-11,5406.0,31.642857142857146,32.14285714285714,195.57923738280084,266.556748179445,772.2857142857143,577.0,1.0,1.2361850043605904,0.5219683285935472,0.39398343549090314,-0.6092440187082372,580.0,244.0,1123.0,1123.0,15.0,4.0,2016.0,2.0,0.0,80.57868,1.0,12.5,10.7,14.4,0.0,18.0,0.0,12.514285714285716,10.7,10.7,10.7,14.4,14.4,14.4
2016-04-18,5088.0,-37.964285714285715,9.783116883116879,235.23777231518196,235.23326821729648,726.8571428571429,705.0952380952381,1.0,-1.3856084853178308,-0.2520313506214579,2.5281304541001517,-0.3025006015409989,262.0,262.0,982.0,1123.0,16.0,4.0,2016.0,2.0,0.0,62.298559999999995,0.0,11.2,10.8,15.6,1.0,25.0,0.0,13.428571428571429,10.8,10.8,10.8,15.6,15.6,15.6
2016-04-25,6838.0,68.35714285714285,15.274025974025975,257.008708394241,245.5755145231979,976.8571428571429,825.3333333333334,1.0,1.053202433208551,0.3773486090295504,-0.46297485243550296,1.45022029239262,747.0,262.0,1410.0,1410.0,17.0,4.0,2016.0,2.0,0.0,69.61001,0.0,17.2,12.0,17.2,0.0,14.0,0.0,14.214285714285714,12.0,12.0,12.0,17.2,17.2,17.2
2016-05-02,8995.0,111.75,40.68701298701299,446.50083986483133,388.509704481356,1285.0,996.2380952380952,1.0,1.9467680041010493,1.431052603986126,4.007222923406063,4.389173036896316,955.0,262.0,2223.0,2223.0,18.0,5.0,2016.0,2.0,0.0,68.352,0.0,21.1,15.9,21.1,1.0,33.0,0.0,18.214285714285715,15.9,15.9,15.9,21.1,21.1,21.1
2016-05-09,8448.0,-116.89285714285714,16.935064935064926,357.09869250737387,368.5682982517494,1206.857142857143,1156.2380952380952,1.0,0.04909428335013696,1.2906665308218288,1.3490694054594896,2.4520036935781935,626.0,626.0,1793.0,2223.0,19.0,5.0,2016.0,2.0,0.0,65.84496,0.0,20.2,12.9,20.2,1.0,22.0,0.0,17.128571428571426,12.9,12.9,12.9,20.2,20.2,20.2
2016-05-16,4652.0,-19.32142857142857,-40.37142857142858,65.1174762585732,423.3987819673417,664.5714285714286,1052.142857142857,-1.0,-0.1838123385764395,1.1795016860519432,-0.7745721947126405,1.6176635791342386,571.0,571.0,757.0,2223.0,20.0,5.0,2016.0,2.0,0.0,76.04385,0.0,15.9,14.5,20.2,1.0,24.0,0.0,17.25714285714286,14.5,14.5,14.5,20.2,20.2,20.2
2016-05-23,4249.0,-29.035714285714285,-44.18181818181819,193.93985321915358,357.0532573320518,607.0,826.1428571428571,-1.0,-1.8356936202215408,1.151200058403985,4.2277343917056625,1.6109713214865518,200.0,200.0,796.0,1793.0,21.0,5.0,2016.0,2.0,0.0,70.7572,0.0,23.3,19.3,24.7,0.0,25.0,0.0,23.142857142857142,19.3,19.3,19.3,24.7,24.7,24.7
2016-05-30,3142.0,-7.2142857142857135,-15.74805194805195,103.12359667154963,156.4591381312116,448.85714285714283,573.4761904761905,-1.0,0.14858885141089692,-0.8528165717522362,-0.677009259358347,0.24461074413555808,303.0,200.0,605.0,796.0,22.0,5.0,2016.0,2.0,0.0,66.62671999999999,0.0,22.1,16.8,22.1,0.0,26.0,0.0,20.3,16.8,16.8,16.8,22.1,22.1,22.1
2016-06-06,3394.0,32.07142857142856,-7.924675324675323,113.28934720650669,152.09851131045542,484.85714285714283,513.5714285714286,-1.0,-0.8560883565989634,-0.22218132132575244,0.6348426235595632,-0.23858759179453054,280.0,200.0,599.0,796.0,23.0,6.0,2016.0,2.0,0.0,65.26088,0.0,23.3,21.2,24.7,1.0,31.0,0.0,22.78571428571429,21.2,21.2,21.2,24.7,24.7,24.7
2016-06-13,3153.0,23.39285714285714,1.8545454545454543,165.97475424780512,124.87893184619719,450.42857142857144,461.3809523809524,-1.0,0.581251137441877,0.12532397481028423,-1.4681598745266364,-0.9898194293753381,273.0,273.0,709.0,709.0,24.0,6.0,2016.0,2.0,0.0,58.06625,0.0,23.5,21.7,24.6,0.0,45.0,0.0,23.285714285714285,21.7,21.7,21.7,24.6,24.6,24.6
2016-06-20,2951.0,-3.392857142857143,-2.133766233766234,113.11035487943911,129.0562446598917,421.57142857142856,452.2857142857143,-1.0,-1.05165882872632,-0.023081010100043275,-0.7981584246666926,-0.8056299937376369,243.0,243.0,523.0,709.0,25.0,6.0,2016.0,2.0,0.0,54.7445,1.0,24.7,20.9,24.7,0.0,40.0,0.0,23.24285714285714,20.9,20.9,20.9,24.7,24.7,24.7
2016-06-27,2581.0,5.9642857142857135,-4.255844155844156,76.16804729393907,122.65829422773099,368.7142857142857,413.57142857142856,-1.0,0.26634387298269097,0.6147360582156414,-1.7301871700763662,-0.07994218618896824,276.0,243.0,469.0,709.0,26.0,6.0,2016.0,2.0,0.0,51.63841,0.0,24.4,22.8,26.0,0.0,30.0,0.0,24.24285714285714,22.8,22.8,22.8,26.0,26.0,26.0
2016-07-04,2509.0,25.357142857142854,-3.0025974025974027,107.54201836624618,99.25568233703255,358.42857142857144,382.9047619047619,-1.0,0.744539460007024,0.03165557227727802,-1.6100056060890673,-1.7427422756013917,259.0,243.0,510.0,523.0,27.0,7.0,2016.0,3.0,0.0,51.77619,0.0,21.8,21.8,25.3,1.0,66.0,0.0,23.914285714285715,21.8,21.8,21.8,25.3,25.3,25.3
2016-07-11,2524.0,13.714285714285714,1.1194805194805195,77.73428489167033,83.92530692738963,360.57142857142856,362.57142857142856,-1.0,1.1733413581882006,0.5981093992955799,-0.17010721185996686,-1.1890498371028018,292.0,259.0,494.0,510.0,28.0,7.0,2016.0,3.0,0.0,52.12064,0.0,28.4,22.9,28.4,1.0,39.0,0.0,25.900000000000002,22.9,22.9,22.9,28.4,28.4,28.4
2016-07-18,2211.0,9.714285714285712,-0.935064935064935,113.70785456808393,98.01248705673683,315.85714285714283,344.95238095238096,-1.0,0.6170736963948334,0.4591632605737374,-0.6607616072412377,-0.8515004497231309,167.0,167.0,483.0,510.0,29.0,7.0,2016.0,3.0,0.0,51.093270000000004,3.0,24.4,20.8,27.5,1.0,56.0,0.0,24.74285714285714,20.8,20.8,20.8,27.5,27.5,27.5
2016-07-25,2047.0,-5.142857142857142,-3.6714285714285717,90.76500269534539,94.87964807611257,292.42857142857144,322.95238095238096,-1.0,-0.6945378997342959,0.1364897477969378,0.7778869165043865,-0.04988829515908008,131.0,131.0,396.0,494.0,30.0,7.0,2016.0,3.0,0.0,47.72359,0.0,28.4,27.1,29.1,0.0,59.0,0.0,28.314285714285713,27.1,27.1,27.1,29.1,29.1,29.1
2016-08-01,1726.0,-8.464285714285714,-4.55064935064935,42.42584567162723,88.08942966694083,246.57142857142858,284.95238095238096,-1.0,-0.3075048818390745,0.6817877125884334,1.5479388875114708,0.5879684207277538,173.0,131.0,312.0,483.0,31.0,8.0,2016.0,3.0,0.0,41.137,0.0,28.4,26.3,28.9,0.0,50.0,0.0,28.028571428571432,26.3,26.3,26.3,28.9,28.9,28.9
2016-08-08,1661.0,-13.428571428571427,-4.492207792207792,44.26328156879522,64.87981563005347,237.28571428571428,258.76190476190476,-1.0,-2.423185720882457,0.16150771133217118,6.090230243824069,1.1140634465965757,139.0,131.0,266.0,396.0,32.0,8.0,2016.0,3.0,0.0,36.79985,2.0,30.5,27.2,31.2,0.0,44.0,0.0,29.971428571428568,27.2,27.2,27.2,31.2,31.2,31.2
2016-08-15,1309.0,-3.714285714285714,-4.722077922077922,19.442222095232886,44.2746837261072,187.0,223.61904761904762,-1.0,0.4107136080472471,-0.16115466170131426,2.524554183813443,-0.6059720974431317,156.0,139.0,222.0,312.0,33.0,8.0,2016.0,3.0,0.0,33.99628,0.0,29.1,28.9,30.5,1.0,37.0,0.0,29.685714285714283,28.9,28.9,28.9,30.5,30.5,30.5
2016-08-22,967.0,-0.46428571428571425,-6.949350649350648,29.019697743829592,51.71133245973322,138.14285714285714,187.47619047619048,-1.0,-0.021124547720460705,0.05603554296103602,-1.5203836376043867,-1.0798583827342412,101.0,101.0,179.0,266.0,34.0,8.0,2016.0,3.0,0.0,37.836209999999994,0.0,30.7,28.9,30.7,1.0,37.0,0.0,29.928571428571423,28.9,28.9,28.9,30.7,30.7,30.7
2016-08-29,539.0,-6.7142857142857135,-7.396103896103899,25.948667274712026,51.907105670097806,77.0,134.04761904761904,-1.0,1.759524920849444,-0.15266902886789982,3.1366471914517673,-1.3131413178813016,56.0,56.0,130.0,222.0,35.0,8.0,2016.0,3.0,0.0,38.08183,0.0,22.2,21.0,29.1,0.0,34.0,0.0,24.87142857142857,21.0,21.0,21.0,29.1,29.1,29.1
2016-09-05,-4.0,-0.6428571428571431,-9.111688311688313,33.56514632203222,64.61936168642411,-0.5714285714285714,71.52380952380952,-1.0,-2.2385520222439133,-0.23991111597937348,5.627323274262993,-0.3160533320653315,-74.0,-74.0,30.0,179.0,36.0,9.0,2016.0,3.0,0.0,32.79218,0.0,26.4,17.7,26.4,0.0,44.0,0.0,23.085714285714285,17.7,17.7,17.7,26.4,26.4,26.4
2016-09-12,-3.0,-4.142857142857142,-5.345454545454546,27.097706808623123,46.494444112520156,-0.42857142857142855,25.333333333333332,-1.0,0.8840597614806935,0.18078995956870877,0.22764641402594918,0.3565479319252887,-32.0,-74.0,47.0,130.0,37.0,9.0,2016.0,3.0,0.0,25.780260000000002,0.0,23.4,23.0,24.7,1.0,49.0,0.0,24.028571428571432,23.0,23.0,23.0,24.7,24.7,24.7
2016-09-19,6.0,-1.8928571428571428,-0.15194805194805208,9.95705062472029,24.25793929925851,0.8571428571428571,-0.047619047619047616,1.0,0.12242783720377833,-1.1650120123703491,-0.8785622337200699,3.758249338156501,-11.0,-74.0,16.0,47.0,38.0,9.0,2016.0,3.0,0.0,32.4627,0.0,21.9,21.9,24.6,0.0,36.0,0.0,23.74285714285714,21.9,21.9,21.9,24.6,24.6,24.6
2016-09-26,-90.0,2.4642857142857135,-0.9207792207792208,7.581305328014259,17.53364113432966,-12.857142857142858,-4.142857142857143,-1.0,-0.3324359264155579,1.2393556518471915,-1.7591348176784614,2.51737126543522,-24.0,-32.0,-5.0,47.0,39.0,9.0,2016.0,3.0,0.0,29.39255,0.0,23.6,20.2,23.6,0.0,40.0,0.0,21.857142857142854,20.2,20.2,20.2,23.6,23.6,23.6
2016-10-03,-89.0,0.6785714285714285,-0.8181818181818183,5.1223134654648135,9.914155344221513,-12.714285714285714,-8.238095238095237,-1.0,-0.5956643797602638,0.7282525822682407,-1.4433371431583475,0.5149374474780022,-20.0,-24.0,-7.0,16.0,40.0,10.0,2016.0,4.0,0.0,28.61379,0.0,22.7,19.0,22.7,1.0,41.0,0.0,20.657142857142855,19.0,19.0,19.0,22.7,22.7,22.7
2016-10-10,-100.0,2.464285714285714,0.11298701298701301,10.403753901284013,7.623272637992055,-14.285714285714286,-13.285714285714286,-1.0,-1.3446109406855686,-1.084411902231371,1.305208622655556,1.0639918492698592,-34.0,-34.0,-5.0,-5.0,41.0,10.0,2016.0,4.0,0.0,25.95099,0.0,14.0,11.3,22.0,0.0,22.0,0.0,17.557142857142857,11.3,11.3,11.3,22.0,22.0,22.0
2016-10-17,-96.0,0.1428571428571429,0.05584415584415587,11.996031089704166,9.162813042729567,-13.714285714285714,-13.571428571428571,-1.0,-1.2262493848640545,-1.239877320614869,2.2376627432361205,1.6506892196018292,-37.0,-37.0,0.0,0.0,42.0,10.0,2016.0,4.0,0.0,24.68998,0.0,17.5,15.2,19.1,0.0,53.0,0.0,16.65714285714286,15.2,15.2,15.2,19.1,19.1,19.1
2016-10-24,-40.0,-0.4999999999999997,0.6220779220779221,34.01820241045199,20.94971303358,-5.714285714285714,-11.238095238095237,1.0,0.5383254211343276,1.0749501804400179,2.1377719033682268,5.489169733264408,-57.0,-57.0,56.0,56.0,43.0,10.0,2016.0,4.0,0.0,21.053729999999998,1.0,15.1,13.3,18.6,0.0,37.0,0.0,16.885714285714283,13.3,13.3,13.3,18.6,18.6,18.6
2016-10-31,-59.0,0.6071428571428571,0.34545454545454546,8.100558475774006,20.53324829911634,-8.428571428571429,-9.285714285714286,1.0,-1.2063888967491838,0.9106409421464716,0.4032423254922385,5.652831513737735,-23.0,-57.0,-1.0,56.0,44.0,10.0,2016.0,4.0,0.0,17.82783,1.0,5.7,5.7,14.6,1.0,42.0,0.0,11.142857142857144,5.7,5.7,5.7,14.6,14.6,14.6
2016-11-07,-31.0,3.464285714285714,0.21168831168831173,13.402203088277455,20.583048966583828,-4.428571428571429,-6.190476190476191,1.0,-1.0761711781400758,0.5697642954348721,1.144726224038486,4.882295047951099,-29.0,-57.0,12.0,56.0,45.0,11.0,2016.0,4.0,0.0,16.701610000000002,0.0,12.8,1.5,15.0,1.0,50.0,0.0,9.828571428571427,1.5,1.5,1.5,15.0,15.0,15.0
2016-11-14,-6.0,-1.7142857142857142,0.5675324675324677,8.254868693276894,10.200840301466735,-0.8571428571428571,-4.571428571428571,1.0,-1.752247160809409,-0.9192427478950367,3.886279990682503,0.5066912860689495,-18.0,-29.0,7.0,12.0,46.0,11.0,2016.0,4.0,0.0,16.479960000000002,0.0,13.2,2.1,14.4,1.0,59.0,0.0,8.614285714285714,2.1,2.1,2.1,14.4,14.4,14.4
2016-11-21,-20.0,0.7142857142857144,0.18961038961038965,12.143977539363966,10.991555199932968,-2.857142857142857,-2.7142857142857144,-1.0,-0.5253404241932779,-0.9568967512316151,0.6996421693621848,0.6741490016060695,-24.0,-29.0,13.0,13.0,47.0,11.0,2016.0,4.0,0.0,15.53645,0.0,9.5,5.2,13.0,0.0,31.0,0.0,8.87142857142857,5.2,5.2,5.2,13.0,13.0,13.0
2016-11-28,10.0,-0.8571428571428571,0.07792207792207792,7.138093649761582,9.120881327446748,1.4285714285714286,-0.7619047619047619,1.0,0.1343325755761908,-0.8527025590936229,1.070216787492356,1.1987183144645133,-10.0,-24.0,13.0,13.0,48.0,11.0,2016.0,4.0,0.0,16.2643,3.0,1.4,-2.5,3.3,0.0,32.0,0.0,0.6142857142857142,-2.5,-2.5,-2.5,3.3,3.3,3.3
2016-12-05,-1.0,0.46428571428571425,0.18441558441558442,3.236694374910347,8.121693466315731,-0.14285714285714285,-0.5238095238095238,1.0,-1.9270502571193007,-0.8738263440165318,4.512743801652893,2.6651738745390157,-7.0,-24.0,3.0,13.0,49.0,12.0,2016.0,4.0,0.0,16.39309,1.0,5.9,1.6,6.0,1.0,49.0,0.0,4.185714285714285,1.6,1.6,1.6,6.0,6.0,6.0
2016-12-12,3.0,0.10714285714285714,-0.07402597402597402,1.1338934191977847,4.388296122190855,0.42857142857142855,0.5714285714285714,-1.0,2.6457513110645894,0.38965046135449033,6.999999999999998,4.036374131005913,0.0,-10.0,3.0,13.0,50.0,12.0,2016.0,4.0,0.0,16.24932,0.0,2.3,-1.6,2.3,0.0,26.0,0.0,0.5285714285714285,-1.6,-1.6,-1.6,2.3,2.3,2.3
2016-12-19,-5.0,0.3571428571428571,-0.002597402597402601,2.9840847684252805,2.535462763966935,-0.7142857142857143,-0.14285714285714285,-1.0,-0.8601782854835754,-1.4912672688346544,0.5778317938745758,2.6592904483430786,-6.0,-7.0,3.0,3.0,51.0,12.0,2016.0,4.0,0.0,15.21296,0.0,7.2,-5.0,7.2,1.0,49.0,0.0,1.0142857142857145,-5.0,-5.0,-5.0,7.2,7.2,7.2
2016-12-26,0.0,0.0,-0.010389610389610384,1.9641638700568478e-05,1.813966975820585,0.0,-0.09523809523809523,1.0,0.0,-1.5663700761480785,0.0,5.686324911908869,0.0,-6.0,0.0,3.0,52.0,12.0,2016.0,4.0,0.0,13.65841,0.0,2.5,-2.5,7.9,1.0,62.0,0.0,2.8000000000000003,-2.5,-2.5,-2.5,7.9,7.9,7.9
2017-01-02,0.0,0.0,0.0,0.0,0.0,0.0,0.0,-1.0,0.0,0.0,0.0,0.0,0.0,0.0,0.0,0.0,1.0,1.0,2017.0,1.0,14.245997835127897,16.7675,1.0,5.0,-4.2,5.0,1.0,57.0,0.0,-0.8142857142857142,-4.2,-4.2,-4.2,5.0,5.0,5.0
2017-01-09,57.0,1.0357142857142856,0.5558441558441557,5.304984179322041,4.8902234830614555,8.142857142857142,2.7142857142857144,1.0,0.6386102473384174,1.889474940670593,2.765765672910915,3.509928508488326,0.0,0.0,18.0,18.0,2.0,1.0,2017.0,1.0,20.288269811428247,17.204810000000002,0.0,1.5,1.5,6.5,1.0,41.0,0.0,3.957142857142857,1.5,1.5,1.5,6.5,6.5,6.5
2017-01-16,82.0,-6.344131569286608e-17,0.7831168831168831,6.550172662209898,6.822581553020751,11.714285714285714,6.619047619047619,1.0,0.5802051559787684,0.8239848932204922,-1.1363319335649926,-0.14029856176407002,4.0,0.0,21.0,21.0,3.0,1.0,2017.0,1.0,13.590839172790975,17.39351,0.0,-3.8,-8.4,-2.2,0.0,17.0,0.0,-4.928571428571429,-8.4,-8.4,-8.4,-2.2,-2.2,-2.2
2017-01-23,249.0,8.285714285714285,2.0844155844155847,22.904563903708084,18.285565475584963,35.57142857142857,18.476190476190474,1.0,0.5487724110134189,1.856826311578731,-0.8331502382683424,3.143837077020797,9.0,0.0,71.0,71.0,4.0,1.0,2017.0,1.0,10.78106306614254,14.802610000000001,0.0,-8.9,-8.9,-0.5,0.0,33.0,0.0,-4.357142857142857,-8.9,-8.9,-8.9,-0.5,-0.5,-0.5
2017-01-30,357.0,5.892857142857142,3.015584415584415,28.26658805020513,26.15703492734748,51.0,32.76190476190476,1.0,-0.49336276730176476,0.7137283230433211,0.6142054915327222,-0.585144868962932,2.0,2.0,86.0,86.0,5.0,1.0,2017.0,1.0,13.39486127727454,20.43371,0.0,-4.8,-7.0,0.8,1.0,44.0,1.0,-3.1000000000000005,-7.0,-7.0,-7.0,0.8,0.8,0.8
2017-02-06,501.0,9.64285714285714,3.1571428571428566,33.915862281323676,31.153078270281497,71.57142857142857,52.714285714285715,1.0,0.9696103585165143,0.6546581555474116,-0.6632846137463517,0.5657069471238071,38.0,2.0,126.0,126.0,6.0,2.0,2017.0,1.0,13.960006836438215,20.90397,0.0,-1.7,-5.4,1.5,0.0,33.0,0.0,-1.4571428571428573,-5.4,-5.4,-5.4,1.5,1.5,1.5
2017-02-13,465.0,1.2499999999999993,1.5922077922077922,28.640630479891914,30.18443307402012,66.42857142857143,63.0,1.0,0.5438124215681948,0.4365102385771598,-1.3389980711279108,0.05757937776890661,35.0,2.0,106.0,126.0,7.0,2.0,2017.0,1.0,14.592377371389508,24.465339999999998,0.0,0.1,-6.6,0.1,0.0,31.0,0.0,-3.2857142857142856,-6.6,-6.6,-6.6,0.1,0.1,0.1
2017-02-20,645.0,10.892857142857142,2.101298701298701,39.142596453772185,34.3571577071545,92.14285714285714,76.71428571428571,1.0,0.9127709199980844,0.8663152474605332,-0.7969523121477373,-0.15625746877720645,53.0,35.0,154.0,154.0,8.0,2.0,2017.0,1.0,16.247934825955674,24.9356,0.0,-1.5,-2.6,5.5,1.0,34.0,0.0,0.9428571428571431,-2.6,-2.6,-2.6,5.5,5.5,5.5
2017-02-27,814.0,11.607142857142856,4.036363636363637,41.36308453083215,40.67121364119369,116.28571428571429,91.61904761904762,1.0,1.2214302865085982,0.8667148941557847,1.2823184261012215,0.5418392161309364,72.0,35.0,194.0,194.0,9.0,2.0,2017.0,1.0,16.51455591636757,28.535909999999998,0.0,3.7,-1.5,3.7,0.0,18.0,0.0,1.2428571428571427,-1.5,-1.5,-1.5,3.7,3.7,3.7
2017-03-06,1349.0,-2.75,7.118181818181819,84.14613139397106,70.89861977298493,192.71428571428572,133.71428571428572,1.0,-0.41320078849954106,0.9744500243570208,-1.8399109133264488,-0.19020752822695564,70.0,53.0,281.0,281.0,10.0,3.0,2017.0,1.0,19.68666324844756,31.61205,2.0,0.1,0.1,5.7,0.0,20.0,0.0,3.814285714285714,0.1,0.1,0.1,5.7,5.7,5.7
2017-03-13,1446.0,1.4642857142857153,6.120779220779222,50.54653678495092,71.12544250427254,206.57142857142858,171.85714285714286,1.0,-0.29086956219741644,0.13097451081695916,-0.785617813523627,-1.4332736226481388,130.0,70.0,266.0,281.0,11.0,3.0,2017.0,1.0,20.51045405343816,39.38177,1.0,6.9,-1.3,8.2,0.0,28.0,0.0,4.142857142857143,-1.3,-1.3,-1.3,8.2,8.2,8.2
2017-03-20,1570.0,4.642857142857142,2.131168831168831,45.205878252407025,60.65499626105489,224.28571428571428,207.85714285714286,1.0,0.43430955759001166,-0.5998496975996209,-0.9827161192579574,-0.3054879657447507,173.0,70.0,295.0,295.0,12.0,3.0,2017.0,1.0,21.53250156668376,42.48487,0.0,10.2,5.8,10.9,0.0,23.0,0.0,8.085714285714285,5.8,5.8,5.8,10.9,10.9,10.9
2017-03-27,1325.0,11.0,-0.477922077922078,69.28134497759677,55.080979345998344,189.28571428571428,206.71428571428572,-1.0,1.126626561329841,0.24852583409699652,-0.8938171517836266,-1.2831287284027137,129.0,129.0,291.0,295.0,13.0,3.0,2017.0,1.0,23.53443855751153,40.08865,0.0,6.1,6.1,9.1,1.0,38.0,0.0,7.757142857142857,6.1,6.1,6.1,9.1,9.1,9.1
2017-04-03,2021.0,62.21428571428572,6.931168831168832,168.89218877310893,111.31482594960336,288.7142857142857,234.0952380952381,1.0,0.7221382945779826,1.6428297321369236,-1.4959207941161226,2.447690121220353,148.0,129.0,551.0,551.0,14.0,4.0,2017.0,2.0,26.858086936705977,54.894259999999996,0.0,11.4,7.1,11.4,0.0,19.0,0.0,9.214285714285714,7.1,7.1,7.1,11.4,11.4,11.4
2017-04-10,4066.0,86.0,30.70779220779221,322.1156254987893,264.8088888595843,580.8571428571429,352.95238095238096,1.0,1.04713261697822,1.7717730634144546,-0.9745668339324716,2.917958882076463,319.0,129.0,1063.0,1063.0,15.0,4.0,2017.0,2.0,27.54628838375207,64.61391,1.0,16.5,10.4,16.5,0.0,10.0,0.0,13.614285714285714,10.4,10.4,10.4,16.5,16.5,16.5
2017-04-17,5907.0,67.75,43.18051948051948,535.376013835581,423.85708507871925,843.8571428571429,571.1428571428571,1.0,0.8525803165788519,1.4442379304284958,-0.4225042116204058,1.7622381057696952,200.0,148.0,1706.0,1706.0,16.0,4.0,2017.0,2.0,28.03623312254315,66.71958000000001,0.0,14.7,11.5,18.7,1.0,37.0,0.0,14.671428571428573,11.5,11.5,11.5,18.7,18.7,18.7
2017-04-24,7395.0,24.678571428571427,36.75194805194805,244.27706751614176,418.02505620961006,1056.4285714285713,827.047619047619,1.0,0.8315799388689501,0.4660335541538885,-0.7873285275829225,-0.5477240252857956,828.0,200.0,1454.0,1706.0,17.0,4.0,2017.0,2.0,33.18521050532672,72.11106,0.0,15.1,11.7,15.1,0.0,21.0,0.0,13.585714285714285,11.7,11.7,11.7,15.1,15.1,15.1
2017-05-01,8319.0,108.28571428571428,29.225974025974025,267.78153853645756,382.82901815674467,1188.4285714285713,1029.5714285714287,1.0,0.639340671976194,-0.07450062973040873,-1.7584022244765876,-0.3344498463362478,938.0,200.0,1575.0,1706.0,18.0,5.0,2017.0,2.0,34.719990884749045,92.30216,0.0,20.1,13.6,20.1,0.0,17.0,0.0,16.514285714285712,13.6,13.6,13.6,20.1,20.1,20.1
2017-05-08,8536.0,-116.17857142857142,10.983116883116882,375.4822930325107,294.8799594346661,1219.4285714285713,1154.7619047619048,1.0,-0.16931743370462493,0.35259490221123163,-0.8282682740360408,-0.896072419400696,652.0,652.0,1734.0,1734.0,19.0,5.0,2017.0,2.0,32.68045348373497,72.20391,0.0,17.9,14.9,21.5,0.0,34.0,0.0,19.071428571428573,14.9,14.9,14.9,21.5,21.5,21.5
2017-05-15,3942.0,-27.892857142857142,-41.09220779220779,119.75868593610602,405.0767005559976,563.1428571428571,990.3333333333334,-1.0,-1.128680348366848,0.27067623516374156,1.927787735997444,-1.0406188608175815,334.0,334.0,701.0,1734.0,20.0,5.0,2017.0,2.0,31.979718566626786,72.0212,0.0,16.0,15.7,19.3,1.0,45.0,0.0,17.142857142857146,15.7,15.7,15.7,19.3,19.3,19.3
2017-05-22,3507.0,-15.178571428571427,-51.50909090909092,132.06185419466652,403.41946148489427,501.0,761.1904761904761,-1.0,-1.0214735945674316,1.2366151996471735,2.3737840593493287,0.6471796151718366,249.0,249.0,679.0,1734.0,21.0,5.0,2017.0,2.0,30.26263316811941,72.57533000000001,0.0,21.8,17.1,21.8,0.0,30.0,0.0,20.2,17.1,17.1,17.1,21.8,21.8,21.8
2017-05-29,3555.0,8.857142857142854,-4.7623376623376625,111.999149656636,118.78762561816114,507.85714285714283,524.0,-1.0,0.5575708501377618,-0.5106752384187706,-0.9252862639805173,0.044806440607666906,375.0,249.0,682.0,701.0,22.0,5.0,2017.0,2.0,29.326041132569927,70.55351999999999,0.0,22.9,17.7,22.9,0.0,39.0,0.0,20.32857142857143,17.7,17.7,17.7,22.9,22.9,22.9
2017-06-05,3993.0,31.464285714285708,5.332467532467531,145.62263691113552,127.99084788709526,570.4285714285714,526.4285714285714,1.0,-0.2690963060482729,-0.13788809727493462,-2.3092948298170954,-0.5456156390923825,382.0,249.0,721.0,721.0,23.0,6.0,2017.0,2.0,29.401241952942513,63.6075,0.0,24.2,20.5,24.2,1.0,18.0,0.0,22.442857142857143,20.5,20.5,20.5,24.2,24.2,24.2
2017-06-12,3326.0,-26.785714285714285,-1.5896103896103897,175.2079037138723,144.82804253583743,475.14285714285717,517.8095238095239,-1.0,-0.5792401450616143,-0.3424606033746242,-0.29444678125769175,-0.37082161654402507,178.0,178.0,666.0,721.0,24.0,6.0,2017.0,2.0,31.81564404945024,62.46929,0.0,22.1,17.6,22.8,0.0,25.0,0.0,20.67142857142857,17.6,17.6,17.6,22.8,22.8,22.8
2017-06-19,5494.0,13.714285714285714,14.314285714285718,873.495931791982,511.94162613664156,784.8571428571429,610.1428571428571,1.0,2.569609377471747,3.9755502108606335,6.691304773055009,17.242514852547433,320.0,178.0,2752.0,2752.0,25.0,6.0,2017.0,2.0,30.91323420497921,60.86982,1.0,24.8,21.5,25.5,0.0,27.0,0.0,23.6,21.5,21.5,21.5,25.5,25.5,25.5
2017-06-26,951.0,-224.89285714285714,-30.244155844155845,839.4415660766048,723.3724588935597,135.85714285714286,465.2857142857143,-1.0,-2.6292368769481738,0.12483821943450056,6.934161496610249,9.342491444138929,-1765.0,-1765.0,521.0,2752.0,26.0,6.0,2017.0,2.0,32.209878653221665,59.2344,0.0,23.1,23.1,26.7,1.0,43.0,0.0,24.97142857142857,23.1,23.1,23.1,26.7,26.7,26.7
2017-07-03,2641.0,20.892857142857142,-32.85584415584415,96.85851242183848,720.022245026731,377.2857142857143,432.6666666666667,-1.0,1.227844938661412,0.27588249186968855,0.007129526252938234,9.62592241752264,286.0,-1765.0,546.0,2752.0,27.0,7.0,2017.0,3.0,34.20156098672592,60.070080000000004,0.0,24.7,24.3,26.2,1.0,69.0,0.0,25.371428571428574,24.3,24.3,24.3,26.2,26.2,26.2
2017-07-10,2514.0,13.035714285714286,7.264935064935065,103.08156733291133,479.6416271302889,359.14285714285717,290.76190476190476,1.0,0.98413443000643,-4.313259077183699,-0.01010580940518011,19.305575869446905,244.0,-1765.0,536.0,546.0,28.0,7.0,2017.0,3.0,35.077764484703465,57.44923000000001,0.0,24.0,24.0,27.6,1.0,88.0,0.0,26.342857142857145,24.0,24.0,24.0,27.6,27.6,27.6
2017-07-17,1972.0,-6.892857142857142,-5.0987012987012985,107.3587665815175,106.12939092941305,281.7142857142857,339.3809523809524,-1.0,-0.928143624580092,0.08270613274379401,1.5068216090056468,1.0821501106423779,83.0,83.0,421.0,546.0,29.0,7.0,2017.0,3.0,33.09747621489204,55.316590000000005,0.0,26.8,25.0,28.7,1.0,65.0,0.0,26.771428571428572,25.0,25.0,25.0,28.7,28.7,28.7
2017-07-24,2256.0,-5.142857142857142,-2.309090909090909,63.71738194484114,94.41105665677193,322.2857142857143,321.04761904761904,1.0,-0.08678944180242401,-0.08018991911404948,-0.483071340710589,1.720157896151193,225.0,83.0,415.0,536.0,30.0,7.0,2017.0,3.0,31.28240186862645,53.46552,0.0,26.2,26.2,29.9,1.0,71.0,0.0,28.14285714285714,26.2,26.2,26.2,29.9,29.9,29.9
2017-07-31,2037.0,-5.464285714285714,-0.04545454545454516,42.91852746774991,74.46229470902664,291.0,298.3333333333333,-1.0,-0.5422136113470712,-0.9478587906530979,-1.4550775074540319,2.416176372025639,228.0,83.0,339.0,421.0,31.0,7.0,2017.0,3.0,28.52845667407281,47.7176,0.0,25.7,25.5,29.4,1.0,72.0,0.0,27.357142857142854,25.5,25.5,25.5,29.4,29.4,29.4
2017-08-07,1767.0,-23.035714285714285,-5.668831168831168,82.01393609799321,68.15832409073565,252.42857142857142,288.57142857142856,-1.0,-2.4413272493379816,-1.386758306327132,6.160228004485451,4.7744640235818165,70.0,70.0,304.0,415.0,32.0,8.0,2017.0,3.0,30.50304791203783,43.524229999999996,6.0,29.2,28.6,31.4,0.0,37.0,0.0,29.928571428571427,28.6,28.6,28.6,31.4,31.4,31.4
2017-08-14,1687.0,-20.21428571428571,-4.953246753246752,60.99180272790761,64.55200930073781,241.0,261.4761904761905,-1.0,-1.1347188522340377,-1.7322852290443205,2.430208174355113,3.491474827382466,123.0,70.0,317.0,339.0,33.0,8.0,2017.0,3.0,31.850965646897965,39.52255,1.0,24.6,24.6,28.2,1.0,60.0,0.0,26.614285714285717,24.6,24.6,24.6,28.2,28.2,28.2
2017-08-21,1097.0,-7.357142857142857,-7.931168831168831,25.856748221139902,72.43834817080638,156.71428571428572,216.71428571428572,-1.0,-1.3732879471181305,-0.41314173749422245,2.4607955657823455,-0.976697843806947,106.0,70.0,187.0,317.0,34.0,8.0,2017.0,3.0,29.404660172050363,37.87515,0.0,25.8,21.9,26.3,1.0,65.0,0.0,24.485714285714288,21.9,21.9,21.9,26.3,26.3,26.3
2017-08-28,777.0,-6.0,-9.493506493506494,19.425069712444383,66.88839318490074,111.0,169.57142857142858,-1.0,-1.2948096020647704,0.7597292862919567,1.5491097404111769,-0.3369691549182557,74.0,74.0,131.0,317.0,35.0,8.0,2017.0,3.0,36.72990372016179,39.33385,0.0,21.5,21.5,27.3,1.0,35.0,0.0,24.957142857142856,21.5,21.5,21.5,27.3,27.3,27.3
2017-09-04,59.0,-10.857142857142856,-10.316883116883117,37.50936391026063,69.08290395639457,8.428571428571429,92.04761904761905,-1.0,1.3045932113033583,-0.5380924782982138,3.217100365897821,-1.007827119640758,-40.0,-40.0,83.0,187.0,36.0,9.0,2017.0,3.0,29.740785050988432,34.7421,0.0,24.6,19.5,24.6,0.0,28.0,0.0,22.41428571428571,19.5,19.5,19.5,24.6,24.6,24.6
2017-09-11,4.0,-1.1428571428571426,-7.681818181818182,12.12239171749379,56.89200295297112,0.5714285714285714,40.0,-1.0,-0.8923567751212206,0.5047826311282577,1.859728357405278,-1.4442656518194916,-22.0,-40.0,17.0,131.0,37.0,9.0,2017.0,3.0,29.82737993505384,34.861909999999995,0.0,21.2,20.6,24.3,1.0,59.0,0.0,22.457142857142856,20.6,20.6,20.6,24.3,24.3,24.3
2017-09-18,-59.0,1.0,-1.472727272727273,10.906529280773103,23.487484002396318,-8.428571428571429,0.19047619047619047,-1.0,-1.050486863202459,2.017494094485045,-0.21636986130136932,7.762910326076692,-27.0,-40.0,2.0,83.0,38.0,9.0,2017.0,3.0,30.28997892098217,33.6698,0.0,21.9,21.4,23.1,0.0,36.0,0.0,22.214285714285715,21.4,21.4,21.4,23.1,23.1,23.1
2017-09-25,-56.0,1.1785714285714286,-0.5077922077922078,7.023769168567077,10.611987830524965,-8.0,-5.285714285714286,-1.0,0.2302990785640023,-0.2270056647970888,-1.576588750913075,0.056052765298539656,-17.0,-27.0,2.0,17.0,39.0,9.0,2017.0,3.0,23.25528399703754,26.214579999999998,0.0,23.4,19.5,23.4,0.0,35.0,0.0,21.514285714285712,19.5,19.5,19.5,23.4,23.4,23.4
2017-10-02,-12.0,0.32142857142857145,0.5181818181818182,3.6384193323579384,8.02169676867333,-1.7142857142857142,-6.0476190476190474,1.0,0.5801396634337378,-1.1514718932504535,-0.829957041560997,1.0040671034373552,-6.0,-27.0,4.0,4.0,40.0,10.0,2017.0,4.0,15.671395203099186,20.04133,0.0,22.0,17.4,25.1,1.0,34.0,0.0,20.657142857142862,17.4,17.4,17.4,25.1,25.1,25.1
2017-10-09,5.0,-0.8571428571428572,0.577922077922078,5.707138387266386,6.534523701152345,0.7142857142857143,-3.0,1.0,-0.10835921799464389,-0.41235817678727554,1.8428593413357988,0.11075121288844222,-9.0,-17.0,10.0,10.0,41.0,10.0,2017.0,4.0,23.047912037828286,26.777690000000003,0.0,22.5,16.7,23.0,1.0,34.0,0.0,19.900000000000002,16.7,16.7,16.7,23.0,23.0,23.0
2017-10-16,42.0,1.4642857142857142,0.5246753246753247,10.01665280087689,7.398197978849304,6.0,1.6666666666666667,1.0,1.267656438834726,1.6716247309512466,1.3489453758788528,4.0407994078760945,-4.0,-9.0,25.0,25.0,42.0,10.0,2017.0,4.0,19.78693100894434,23.89324,0.0,16.6,11.4,21.4,0.0,25.0,0.0,15.414285714285715,11.4,11.4,11.4,21.4,21.4,21.4
2017-10-23,-16.0,-2.75,-0.2688311688311688,26.27872577906717,16.104716848265966,-2.2857142857142856,1.4761904761904763,-1.0,-1.3444585607891502,-1.8252355728950835,3.5255521630075477,7.924204912353855,-55.0,-55.0,32.0,32.0,43.0,10.0,2017.0,4.0,17.76334529710021,21.72767,0.0,13.7,13.7,17.6,0.0,30.0,0.0,16.32857142857143,13.7,13.7,13.7,17.6,17.6,17.6
2017-10-30,-8.0,0.7142857142857142,-0.4753246753246753,3.804758924842872,15.991515607642976,-1.1428571428571428,0.8571428571428571,-1.0,-0.17689065958806513,-1.740088465102966,-2.1565356648199447,7.8979245328226195,-6.0,-55.0,3.0,32.0,44.0,10.0,2017.0,4.0,17.504700051273286,19.17869,1.0,7.7,7.7,17.2,0.0,16.0,0.0,13.799999999999999,7.7,7.7,7.7,17.2,17.2,17.2
2017-11-06,-6.0,0.3214285714285714,0.02857142857142858,1.6761634196893958,14.586196997780569,-0.8571428571428571,-1.4285714285714286,1.0,-1.2012905772637796,-2.0511778730848147,1.2680838839413966,10.66589694537307,-4.0,-55.0,1.0,32.0,45.0,11.0,2017.0,4.0,15.854839628553526,17.88174,1.0,11.4,7.8,15.5,0.0,41.0,0.0,11.457142857142857,7.8,7.8,7.8,15.5,15.5,15.5
2017-11-13,-11.0,0.10714285714285711,0.014285714285714275,1.2724180205532247,2.400396792787491,-1.5714285714285714,-1.1904761904761905,-1.0,0.2219026582569543,-0.18381765925751123,-1.7148788927335523,-0.3190398987702166,-3.0,-6.0,0.0,3.0,46.0,11.0,2017.0,4.0,16.625078334187883,15.955779999999999,0.0,8.4,5.3,14.4,1.0,44.0,0.0,9.471428571428572,5.3,5.3,5.3,14.4,14.4,14.4
2017-11-20,-1.0,0.03571428571428572,0.06233766233766234,0.3779644729842413,1.314751470617459,-0.14285714285714285,-0.8571428571428571,1.0,-2.6457513110645907,-1.0183239992375672,7.000000000000002,0.16884811578156442,-1.0,-4.0,0.0,1.0,47.0,11.0,2017.0,4.0,14.846464991739303,15.482529999999999,0.0,-0.4,-2.1,7.5,1.0,29.0,0.0,1.5142857142857142,-2.1,-2.1,-2.1,7.5,7.5,7.5
2017-11-27,47.0,0.2499999999999999,0.5415584415584416,13.63468965194088,8.368592075985655,6.714285714285714,1.6666666666666667,1.0,2.430791229023241,4.131952112758971,6.090233902596755,17.983283951047984,-1.0,-3.0,37.0,37.0,48.0,11.0,2017.0,4.0,14.508061300062664,15.3118,0.0,2.5,-0.4,4.3,0.0,32.0,0.0,2.1285714285714286,-0.4,-0.4,-0.4,4.3,4.3,4.3
2017-12-04,20.0,-1.2857142857142856,0.15454545454545454,9.737018219635065,9.619177274044095,2.857142857142857,3.142857142857143,-1.0,1.7674655537401665,2.7893226459359792,3.7029458782502176,8.192439836183823,-7.0,-7.0,23.0,37.0,49.0,12.0,2017.0,4.0,15.767105338118839,15.80303,0.0,-1.2,-2.4,6.4,1.0,22.0,0.0,1.5142857142857145,-2.4,-2.4,-2.4,6.4,6.4,6.4
2017-12-11,-4.0,-0.03571428571428571,-0.5025974025974026,0.7867957924573938,9.679876032311318,-0.5714285714285714,3.0,-1.0,-1.1145497793916268,2.7772801399581417,0.2733727810650876,8.106458740210885,-2.0,-7.0,0.0,37.0,50.0,12.0,2017.0,4.0,17.750811827038113,15.24591,0.0,-7.0,-7.0,1.1,0.0,29.0,0.0,-1.9285714285714286,-7.0,-7.0,-7.0,1.1,1.1,1.1
2017-12-18,0.0,0.0,-0.2298701298701299,0.0,5.566909033870929,0.0,0.7619047619047619,-1.0,0.0,3.394184605210591,0.0,14.01318070992146,0.0,-7.0,0.0,23.0,51.0,12.0,2017.0,4.0,15.693043924115536,13.78721,3.0,-1.6,-9.4,-1.6,1.0,47.0,1.0,-5.957142857142858,-9.4,-9.4,-9.4,-1.6,-1.6,-1.6
2017-12-25,0.0,0.0,0.03506493506493506,0.0,0.5117663166166571,0.0,-0.19047619047619047,1.0,0.0,-2.8291172073675224,0.0,7.917703349282297,0.0,-2.0,0.0,0.0,52.0,12.0,2017.0,4.0,16.30604455078904,13.140229999999999,0.0,-2.1,-3.9,6.1,0.0,26.0,0.0,0.22857142857142865,-3.9,-3.9,-3.9,6.1,6.1,6.1
2018-01-01,0.0,0.0,0.0,0.0,0.0,0.0,0.0,-1.0,0.0,0.0,0.0,0.0,0.0,0.0,0.0,0.0,1.0,1.0,2018.0,1.0,16.947530336694587,15.7551,1.0,-1.3,-6.9,2.1,0.0,19.0,0.0,-1.5571428571428572,-6.9,-6.9,-6.9,2.1,2.1,2.1
2018-01-08,24.0,1.107142857142857,0.25844155844155847,4.961758520831865,3.182541661718104,3.4285714285714284,1.1428571428571428,1.0,1.4068918531451964,3.1067116492538283,1.5259999476222361,10.037592115288348,0.0,0.0,13.0,13.0,2.0,1.0,2018.0,1.0,19.891756394918247,17.18684,0.0,1.3,-4.7,1.3,1.0,30.0,1.0,-2.357142857142857,-4.7,-4.7,-4.7,1.3,1.3,1.3
2018-01-15,64.0,1.75,0.6857142857142857,5.241773600241666,5.528282261417624,9.142857142857142,4.190476190476191,1.0,0.2370637135810902,1.0880842307707987,1.2248323216061139,0.2163170472428144,1.0,0.0,18.0,18.0,3.0,1.0,2018.0,1.0,20.978750071212893,19.32546,0.0,4.7,-11.1,4.7,1.0,33.0,0.0,-4.5857142857142845,-11.1,-11.1,-11.1,4.7,4.7,4.7
2018-01-22,468.0,19.250000000000004,4.840259740259741,64.42418948249322,46.0712698409964,66.85714285714286,26.476190476190474,1.0,1.2892033536674388,2.721107443736657,1.1096171516842375,7.652892361344321,11.0,0.0,188.0,188.0,4.0,1.0,2018.0,1.0,22.07258018572324,19.24459,0.0,0.2,0.2,4.5,1.0,25.0,1.0,1.9857142857142858,0.2,0.2,0.2,4.5,4.5,4.5
2018-01-29,424.0,7.892857142857141,4.323376623376624,38.461483516444275,48.979198694567316,60.57142857142857,45.523809523809526,1.0,1.3931595759367725,1.668929136681034,0.605321715507047,2.4815651561019485,31.0,1.0,131.0,188.0,5.0,1.0,2018.0,1.0,23.49455933458668,20.31689,0.0,-8.5,-14.8,-6.3,0.0,21.0,0.0,-11.342857142857143,-14.8,-14.8,-14.8,-6.3,-6.3,-6.3
2018-02-05,684.0,9.821428571428571,3.307792207792208,40.227330202712885,49.50805610249325,97.71428571428571,75.04761904761905,1.0,-0.172528290946284,0.6777816452578453,-2.0679391122658637,-0.49545023069020633,46.0,11.0,144.0,188.0,6.0,2.0,2018.0,1.0,22.39617159459921,19.92152,0.0,-9.4,-9.5,-2.4,0.0,23.0,0.0,-5.785714285714286,-9.5,-9.5,-9.5,-2.4,-2.4,-2.4
2018-02-12,1064.0,21.5,7.244155844155842,61.150088579930426,59.422698885671146,152.0,103.42857142857143,1.0,0.6047794041974589,0.8153298470669863,-1.617037374128153,0.2729925953320698,92.0,31.0,245.0,245.0,7.0,2.0,2018.0,1.0,17.30872215575685,19.70886,0.0,-5.8,-10.1,0.4,1.0,23.0,0.0,-4.928571428571429,-10.1,-10.1,-10.1,0.4,0.4,0.4
2018-02-19,1122.0,21.178571428571427,5.89090909090909,102.25248861798637,74.51532280902589,160.28571428571428,136.66666666666666,1.0,0.19728886482598443,0.7339230794718417,-0.40096138804961895,0.3931560760722506,8.0,8.0,302.0,302.0,8.0,2.0,2018.0,1.0,23.96171594599214,26.361340000000002,0.0,1.8,-3.0,3.5,0.0,33.0,0.0,-0.09999999999999999,-3.0,-3.0,-3.0,3.5,3.5,3.5
2018-02-26,1262.0,-910.1785714285713,-29.745454545454574,7554.5216419105745,4138.314350300707,180.28571428571428,164.1904761904762,1.0,0.01596369368848469,0.03589361354548219,2.99814938182127,9.99063478880273,-12875.0,-12875.0,13293.0,13293.0,9.0,2.0,2018.0,1.0,27.33435879906569,32.32193,0.0,3.1,-0.9,4.2,0.0,23.0,0.0,1.842857142857143,-0.9,-0.9,-0.9,4.2,4.2,4.2
2018-03-05,1903.0,15.64285714285714,-24.65844155844156,119.35860333669937,4138.976567772695,271.85714285714283,204.14285714285714,1.0,0.22524827082396925,0.0038987523697287707,-2.121125745096613,9.981060331791886,139.0,-12875.0,430.0,13293.0,10.0,3.0,2018.0,1.0,27.844812852503853,34.81698,1.0,5.5,-0.7,9.8,1.0,37.0,0.0,4.442857142857143,-0.7,-0.7,-0.7,9.8,9.8,9.8
2018-03-12,1873.0,38.25,-25.58311688311688,129.7958103367121,4139.1347514276695,267.57142857142856,239.9047619047619,1.0,1.0897566894544526,-0.024720160067319353,0.3351084185154868,9.979439006869299,144.0,-12875.0,499.0,13293.0,11.0,3.0,2018.0,1.0,32.108471486355604,52.611869999999996,1.0,8.0,4.5,8.0,0.0,30.0,0.0,5.571428571428571,4.5,4.5,4.5,8.0,8.0,8.0
2018-03-19,2894.0,-2.25,10.887012987012989,81.80639164696707,127.11470260773818,413.42857142857144,317.6190476190476,1.0,-0.6467795741853202,-0.011457300431789842,-0.22787410424171028,-1.4512868282479878,275.0,139.0,513.0,513.0,12.0,3.0,2018.0,1.0,32.05605879336865,45.32738,0.0,8.0,6.6,17.0,1.0,41.0,0.0,10.242857142857144,6.6,6.6,6.6,17.0,17.0,17.0
2018-03-26,2767.0,58.78571428571428,11.574025974025973,178.90380495837056,145.21394725093242,395.2857142857143,358.76190476190476,1.0,0.7245869645854307,0.40836032912403436,-1.1580625252873573,-0.5169045773206954,210.0,144.0,659.0,659.0,13.0,3.0,2018.0,1.0,43.280350937161735,71.77559000000001,1.0,11.0,2.1,11.0,0.0,30.0,0.0,6.571428571428571,2.1,2.1,2.1,11.0,11.0,11.0
2018-04-02,6610.0,129.92857142857142,40.56233766233767,320.5426202996762,332.43575820500945,944.2857142857143,584.3333333333334,1.0,0.5123971445455072,1.3072138264167694,-0.5772914887123782,1.305571264881567,560.0,210.0,1470.0,1470.0,14.0,4.0,2018.0,2.0,49.86384093887085,75.37291,0.0,18.4,13.3,18.4,0.0,41.0,0.0,15.071428571428571,13.3,13.3,13.3,18.4,18.4,18.4
2018-04-09,5103.0,-80.35714285714285,25.17662337662338,211.29126815846172,327.6930910238543,729.0,689.5238095238095,1.0,0.7053996019464716,0.612267539711364,1.0164969837016258,0.16625947222540918,438.0,210.0,1103.0,1470.0,15.0,4.0,2018.0,2.0,47.876716230843726,64.68579,1.0,7.9,3.9,17.8,0.0,21.0,0.0,8.657142857142857,3.9,3.9,3.9,17.8,17.8,17.8
2018-04-16,4634.0,16.678571428571427,-15.554545454545453,211.50019700545042,269.9347275599479,662.0,778.4285714285714,-1.0,-0.0795272557292184,0.8174543346558649,-1.3903335556326788,0.7107730855374204,350.0,350.0,926.0,1470.0,16.0,4.0,2018.0,2.0,58.84578134791772,78.09261,1.0,11.6,9.0,15.1,0.0,20.0,0.0,12.242857142857142,9.0,9.0,9.0,15.1,15.1,15.1
2018-04-23,6769.0,24.428571428571427,13.718181818181819,258.2472975012083,254.5692440182163,967.0,786.0,1.0,0.7311757829156326,0.5954657453989095,-0.8254033098055189,0.3551155511271331,667.0,350.0,1365.0,1365.0,17.0,4.0,2018.0,2.0,58.58485728935224,72.39260999999999,0.0,9.3,9.3,18.7,1.0,85.0,0.0,14.457142857142856,9.3,9.3,9.3,18.7,18.7,18.7
2018-04-30,7419.0,74.85714285714285,29.535064935064938,253.90183704958443,288.2587627214834,1059.857142857143,896.2857142857143,1.0,1.188313293073631,0.3766494641928564,-0.12354695236513749,0.10472698286457405,824.0,350.0,1498.0,1498.0,18.0,4.0,2018.0,2.0,66.8740386258759,83.96932,0.0,19.2,12.1,19.2,0.0,42.0,0.0,15.442857142857145,12.1,12.1,12.1,19.2,19.2,19.2
2018-05-07,10657.0,-8.178571428571429,38.65844155844155,291.2569639470096,356.0304628486116,1522.4285714285713,1183.095238095238,1.0,0.8965933173362622,0.658524912491012,0.3756528745647053,-0.021856878455557244,1178.0,667.0,2038.0,2038.0,19.0,5.0,2018.0,2.0,67.01874323477467,76.50211999999999,0.0,19.2,11.2,20.4,0.0,26.0,0.0,16.414285714285718,11.2,11.2,11.2,20.4,20.4,20.4
2018-05-14,6178.0,17.57142857142857,-8.218181818181817,108.94778128823901,353.1933572691504,882.5714285714286,1154.952380952381,-1.0,1.1140495338681562,0.9745021681990735,1.6107021627497233,0.2722997552185682,766.0,766.0,1089.0,2038.0,20.0,5.0,2018.0,2.0,74.34854440836324,83.05277,0.0,18.2,14.2,18.2,0.0,45.0,0.0,16.12857142857143,14.2,14.2,14.2,18.2,18.2,18.2
2018-05-21,6042.0,-13.107142857142856,-42.0896103896104,95.8669713221771,360.9524173891259,863.1428571428571,1089.3809523809523,-1.0,-0.3209879650630449,1.298547174704191,1.406827410545553,1.0197782817331658,698.0,698.0,1011.0,2038.0,21.0,5.0,2018.0,2.0,72.4616874608329,71.53596999999999,0.0,17.8,16.3,23.2,0.0,24.0,0.0,19.300000000000004,16.3,16.3,16.3,23.2,23.2,23.2
2018-05-28,4863.0,-48.14285714285714,-13.542857142857143,218.40231552935174,167.6268531732554,694.7142857142857,813.4761904761905,-1.0,-2.2983880687041536,-2.1729620741235496,5.571739669324954,8.102345826166147,216.0,216.0,859.0,1089.0,22.0,5.0,2018.0,2.0,74.93078106306614,81.98047,0.0,22.3,17.3,22.3,0.0,34.0,0.0,19.685714285714287,17.3,17.3,17.3,22.3,22.3,22.3
2018-06-04,5680.0,12.607142857142856,-5.059740259740258,167.64531720559154,175.24094976972904,811.4285714285714,789.7619047619048,1.0,-0.2288163632533874,-1.7470644225862866,-1.9260045040140412,4.90019925106183,605.0,216.0,1023.0,1023.0,23.0,6.0,2018.0,2.0,71.58890218196319,76.60995,0.0,22.6,20.2,24.0,0.0,27.0,0.0,22.328571428571426,20.2,20.2,20.2,24.0,24.0,24.0
2018-06-11,4160.0,-11.321428571428571,-8.094805194805195,115.05754253958867,187.02868381998204,594.2857142857143,700.1428571428571,-1.0,1.0584330274923153,-0.6130293870992946,0.8258412631385568,0.8428483101131219,470.0,216.0,806.0,1023.0,24.0,6.0,2018.0,2.0,70.2808636700279,64.98532,0.0,20.2,20.2,23.7,1.0,45.0,0.0,22.285714285714285,20.2,20.2,20.2,23.7,23.7,23.7
2018-06-18,3401.0,8.035714285714283,-20.37922077922078,146.17732219404195,195.06963347678735,485.85714285714283,630.5238095238095,-1.0,0.33849614873405903,0.4018603321082856,-1.5332566371981493,-0.4558670109359744,326.0,326.0,692.0,1023.0,25.0,6.0,2018.0,2.0,73.05076055375149,61.73845,1.0,24.8,21.3,24.8,0.0,31.0,0.0,22.38571428571429,21.3,21.3,21.3,24.8,24.8,24.8
2018-06-25,3411.0,-31.57142857142857,-8.076623376623376,107.23760889686032,128.6054505251164,487.2857142857143,522.4761904761905,-1.0,-1.8683029631447743,-0.01943618890491948,4.189143543291624,0.3827853014072548,262.0,262.0,585.0,806.0,26.0,6.0,2018.0,2.0,67.18851478379763,60.750009999999996,0.0,27.1,22.4,27.1,0.0,31.0,0.0,24.37142857142857,22.4,22.4,22.4,27.1,27.1,27.1
2018-07-02,2730.0,15.107142857142856,-6.406493506493505,85.8487041254046,119.36392930468527,390.0,454.3809523809524,-1.0,1.1542441712969118,0.21977029741187284,0.928075236252431,-0.7978587848275086,295.0,262.0,548.0,692.0,27.0,7.0,2018.0,3.0,66.60627812909472,62.652,0.0,22.6,21.9,24.7,1.0,84.0,0.0,23.071428571428573,21.9,21.9,21.9,24.7,24.7,24.7
2018-07-09,2873.0,3.8571428571428568,-5.34935064935065,56.89129149202272,92.05428005365512,410.42857142857144,429.23809523809524,-1.0,0.8236516503746151,0.03681681260142337,-0.36862959431479536,-0.9919911840252141,342.0,262.0,503.0,585.0,28.0,7.0,2018.0,3.0,68.64239731100096,67.1479,0.0,20.8,20.8,27.4,1.0,61.0,0.0,24.528571428571432,20.8,20.8,20.8,27.4,27.4,27.4
2018-07-16,2218.0,-5.392857142857142,-4.161038961038961,97.00245455908573,87.7448411182301,316.85714285714283,372.42857142857144,-1.0,-0.4719447638019086,-0.30372091378712773,1.347951713732347,1.319330733338794,146.0,146.0,458.0,548.0,29.0,7.0,2018.0,3.0,68.8816726485501,66.85736,0.0,28.7,23.7,28.7,0.0,40.0,0.0,27.04285714285714,23.7,23.7,23.7,28.7,28.7,28.7
2018-07-23,2227.0,-11.892857142857142,-6.36103896103896,69.53758832809413,85.20423642500538,318.14285714285717,348.4761904761905,-1.0,-0.5524024372224009,-0.4583743336821507,-0.22877545198146976,0.599324527585675,201.0,146.0,401.0,503.0,30.0,7.0,2018.0,3.0,75.27716059932773,58.93488000000001,1.0,31.7,28.1,31.8,0.0,41.0,0.0,29.8,28.1,28.1,28.1,31.8,31.8,31.8
2018-07-30,1741.0,1.9285714285714284,-4.894805194805194,44.53730378663217,77.28426193516677,248.71428571428572,294.57142857142856,-1.0,0.4774786204581547,0.14624906492820022,-1.840011840665906,-0.2020232764916621,205.0,146.0,308.0,458.0,31.0,7.0,2018.0,3.0,68.274369053723,50.68591,3.0,31.7,29.5,31.7,0.0,35.0,0.0,30.714285714285715,29.5,29.5,29.5,31.7,31.7,31.7
2018-08-06,1569.0,-20.96428571428571,-7.106493506493506,72.12126032237326,72.59361771767313,224.14285714285714,263.6666666666667,-1.0,-1.4409323277602588,-0.25260339656978587,3.709435241489588,1.120539017681428,78.0,78.0,316.0,401.0,32.0,8.0,2018.0,3.0,62.71976300347518,49.61061,1.0,30.5,30.0,33.7,1.0,49.0,0.0,32.08571428571428,30.0,30.0,30.0,33.7,33.7,33.7
2018-08-13,1493.0,-5.857142857142857,-3.1597402597402606,37.290366431328806,52.94633401587524,213.28571428571428,228.71428571428572,-1.0,0.34961279497416126,-0.792554523611269,-1.353195913286244,2.27433639111416,173.0,78.0,270.0,316.0,33.0,8.0,2018.0,3.0,71.28012305588787,41.33469,1.0,30.5,28.8,31.0,1.0,47.0,0.0,30.442857142857143,28.8,28.8,28.8,31.0,31.0,31.0
2018-08-20,1057.0,-18.96428571428571,-6.3194805194805195,46.144699948582364,60.8845511721563,151.0,196.14285714285714,-1.0,-0.6758958380875012,-0.40602280495354526,-0.7395857438940538,0.12441392958107521,75.0,75.0,200.0,316.0,34.0,8.0,2018.0,3.0,68.32906055944852,39.52854,0.0,29.1,26.7,31.7,1.0,41.0,0.0,29.21428571428571,26.7,26.7,26.7,31.7,31.7,31.7
2018-08-27,761.0,-3.821428571428571,-7.696103896103895,15.184578643571466,55.33654609152696,108.71428571428571,157.66666666666666,-1.0,0.6119330470350203,0.3642640813284337,0.20662580671879596,-0.8354320502937135,90.0,75.0,135.0,270.0,35.0,8.0,2018.0,3.0,63.12311285820086,39.63337,0.0,22.7,22.7,30.7,1.0,82.0,0.0,26.02857142857142,22.7,22.7,22.7,30.7,30.7,30.7
2018-09-03,567.0,-0.03571428571428571,-5.2844155844155845,23.216373532733044,41.70799854780262,81.0,113.57142857142857,-1.0,0.918966302175053,0.7590901494709801,0.5187480423100126,-0.15662961555687538,59.0,59.0,123.0,200.0,36.0,9.0,2018.0,3.0,67.84025522702672,41.54136,0.0,23.3,23.3,25.6,1.0,67.0,0.0,24.814285714285717,23.3,23.3,23.3,25.6,25.6,25.6
2018-09-10,334.0,-0.3571428571428571,-4.035064935064935,20.790336583362333,31.83596349154428,47.714285714285715,79.14285714285714,-1.0,0.15613159558601647,-0.12938167344149232,-1.5637499639072048,-0.7843954838797198,22.0,22.0,76.0,135.0,37.0,9.0,2018.0,3.0,64.40722383638122,38.59102,0.0,22.9,21.7,24.1,0.0,33.0,0.0,22.871428571428574,21.7,21.7,21.7,24.1,24.1,24.1
2018-09-17,258.0,3.9285714285714284,-2.6805194805194805,20.876051442284922,28.15069989837337,36.857142857142854,55.19047619047619,-1.0,-0.39922510750029805,0.4024007749784403,-2.420210252010331,0.30623474519936883,10.0,10.0,57.0,123.0,38.0,9.0,2018.0,3.0,51.83273514498945,30.77637,0.0,22.3,21.6,23.5,1.0,32.0,0.0,22.742857142857144,21.6,21.6,21.6,23.5,23.5,23.5
2018-09-24,146.0,-6.0,-1.7974025974025973,22.386220251625005,23.206218378593036,20.857142857142858,35.142857142857146,-1.0,0.8076035265840044,0.023007778949627314,0.6603973618209658,-1.0306018729647966,-6.0,-6.0,61.0,76.0,39.0,9.0,2018.0,3.0,44.681820771378106,30.782359999999997,0.0,17.6,17.6,22.1,0.0,27.0,0.0,20.04285714285714,17.6,17.6,17.6,22.1,22.1,22.1
2018-10-01,17.0,-0.1785714285714282,-2.272727272727272,20.638613833389975,24.832390522339967,2.4285714285714284,20.047619047619047,-1.0,-0.23031822255823264,0.04918682591156921,-1.0119653093980638,-0.61173464064638,-28.0,-28.0,27.0,61.0,40.0,10.0,2018.0,4.0,52.25545490799293,31.48625,0.0,15.4,15.4,20.2,1.0,32.0,0.0,18.114285714285717,15.4,15.4,15.4,20.2,20.2,20.2
2018-10-08,24.0,-0.17857142857142863,-1.3402597402597403,10.70602856480695,19.689857190870107,3.4285714285714284,8.904761904761905,-1.0,-0.30913396025942974,0.610241208275512,-1.5592962569876085,1.298795894963962,-11.0,-28.0,17.0,61.0,41.0,10.0,2018.0,4.0,49.3716173873412,26.466179999999998,0.0,14.8,14.8,19.3,0.0,21.0,0.0,16.942857142857143,14.8,14.8,14.8,19.3,19.3,19.3
2018-10-15,-55.0,1.1428571428571428,-0.625974025974026,18.712104562402274,17.16197346868123,-7.857142857142857,-0.6666666666666666,-1.0,-2.1472299939927018,-0.9363829538073162,4.677692066835559,1.9032725286863283,-48.0,-48.0,4.0,27.0,42.0,10.0,2018.0,4.0,43.486583490001706,23.15341,0.0,15.2,9.7,15.3,0.0,40.0,0.0,12.685714285714285,9.7,9.7,9.7,15.3,15.3,15.3
2018-10-22,-43.0,-3.5,-0.7012987012987012,15.269016247102348,15.338249729623337,-6.142857142857143,-3.5238095238095237,-1.0,-1.7969636814642655,-1.709671581877212,4.066947583261248,3.3963180148973073,-38.0,-48.0,10.0,17.0,43.0,10.0,2018.0,4.0,41.50857403292884,21.03875,0.0,14.0,12.4,14.5,0.0,29.0,0.0,13.357142857142858,12.4,12.4,12.4,14.5,14.5,14.5
2018-10-29,17.0,3.999999999999999,0.7142857142857141,20.443883705494812,17.934006006326562,2.4285714285714284,-3.857142857142857,1.0,0.497773112902645,-0.5344949478229456,-1.0789388492708354,1.6457682957410111,-24.0,-48.0,31.0,31.0,44.0,10.0,2018.0,4.0,36.10550902979547,19.06188,1.0,7.2,7.2,13.8,1.0,37.0,0.0,10.700000000000001,7.2,7.2,7.2,13.8,13.8,13.8
2018-11-05,-43.0,3.142857142857143,0.13246753246753246,8.970852272087017,15.382271799726832,-6.142857142857143,-3.2857142857142856,-1.0,-0.4919284832639093,0.2601059245952631,-0.033309127831658,1.4784665244813147,-21.0,-38.0,6.0,31.0,45.0,11.0,2018.0,4.0,48.45667407280806,19.72683,1.0,11.9,6.1,11.9,0.0,35.0,0.0,9.6,6.1,6.1,6.1,11.9,11.9,11.9
2018-11-12,61.0,4.5357142857142865,0.8246753246753247,30.230857776718395,21.508912881401464,8.714285714285714,1.6666666666666667,1.0,2.444721002241271,2.3083867125234665,6.194455070400669,6.769584368627062,-10.0,-24.0,76.0,76.0,46.0,11.0,2018.0,4.0,47.198769441121165,18.56766,0.0,8.1,8.1,12.8,0.0,31.0,0.0,10.999999999999998,8.1,8.1,8.1,12.8,12.8,12.8
2018-11-19,-34.0,0.07142857142857142,0.3636363636363636,1.2149857972866407,18.606194565167304,-4.857142857142857,-0.7619047619047619,-1.0,0.41418246165640843,3.777727140278006,-2.167741935483999,16.179497411933077,-6.0,-21.0,-3.0,76.0,47.0,11.0,2018.0,4.0,36.429100438671455,17.30965,0.0,6.5,4.9,9.8,0.0,30.0,0.0,7.8,4.9,4.9,4.9,9.8,9.8,9.8
2018-11-26,-6.0,1.0357142857142856,-0.4038961038961039,2.609506432438929,17.626684316864154,-0.8571428571428571,1.0,-1.0,0.9647351270331641,4.2162014989911585,1.3933590884639842,18.65540634069859,-4.0,-10.0,4.0,76.0,48.0,11.0,2018.0,4.0,33.52589300974193,16.35116,0.0,6.3,1.9,6.5,0.0,41.0,0.0,4.314285714285715,1.9,1.9,1.9,6.5,6.5,6.5
2018-12-03,29.0,-2.8571428571428568,0.5090909090909091,8.295150620750556,6.112438528794365,4.142857142857143,-0.5238095238095238,1.0,2.191967306532242,2.7112836380374006,4.77351640904683,9.295121649803722,0.0,-6.0,22.0,22.0,49.0,12.0,2018.0,4.0,40.14812282800661,17.43245,0.0,11.5,2.7,11.5,1.0,47.0,0.0,6.214285714285714,2.7,2.7,2.7,11.5,11.5,11.5
2018-12-10,1.0,0.07142857142857144,-1.499522007285926e-17,0.377964488111118,5.256288751101497,0.14285714285714285,1.1428571428571428,-1.0,2.6457513110645907,3.436304912127187,-61.6,13.446633225061435,0.0,-4.0,1.0,22.0,50.0,12.0,2018.0,4.0,33.02455420725801,16.80944,3.0,-2.5,-8.3,6.7,0.0,18.0,0.0,-2.3142857142857145,-8.3,-8.3,-8.3,6.7,6.7,6.7
2018-12-17,0.0,0.0,-0.36493506493506495,0.00010684572189301269,4.955516407351257,0.0,1.4285714285714286,-1.0,0.0,4.007991953094581,0.0,16.665340855835925,0.0,0.0,0.0,22.0,51.0,12.0,2018.0,4.0,30.907537173132802,16.35116,0.0,1.6,-4.4,1.6,1.0,31.0,0.0,-1.3000000000000003,-4.4,-4.4,-4.4,1.6,1.6,1.6
2018-12-24,0.0,0.14285714285714285,-0.0012987012987012987,1.000000005708004,0.5895922777682783,0.0,0.047619047619047616,-1.0,-1.4000000000000004,-1.6166023708486668,1.6000000000000014,6.578897986192729,-2.0,-2.0,1.0,1.0,52.0,12.0,2018.0,4.0,25.05326724776392,14.2395,0.0,-2.3,-2.3,6.9,0.0,16.0,0.0,3.228571428571428,-2.3,-2.3,-2.3,6.9,6.9,6.9
2018-12-31,0.0,0.0,0.005194805194805195,0.0001068457214600586,0.5477225633338003,0.0,0.0,-1.0,0.0,-2.017925211861138,0.0,8.499025341130606,0.0,-2.0,0.0,1.0,1.0,12.0,2018.0,4.0,24.89716857517233,15.50649,1.0,-5.4,-10.5,0.6,0.0,16.0,0.0,-5.8999999999999995,-10.5,-10.5,-10.5,0.6,0.6,0.6
2019-01-07,15.0,1.0714285714285714,0.17532467532467533,2.6726124191242437,1.7928429140015905,2.142857142857143,0.7142857142857143,1.0,1.107530586485087,2.7771241582499497,0.3987200000000023,7.666141650422349,0.0,0.0,7.0,7.0,2.0,1.0,2019.0,1.0,28.19119238876545,18.73839,0.0,-1.9,-5.0,-1.1,0.0,27.5,0.0,-3.142857142857143,-5.0,-5.0,-5.0,-1.1,-1.1,-1.1
2019-01-14,76.0,1.1428571428571428,0.7714285714285715,3.132015933791495,5.313504806936128,10.857142857142858,4.333333333333333,1.0,0.18413029860550814,0.8419460173794283,-1.9390706004337197,-0.7329556046389482,7.0,0.0,15.0,15.0,3.0,1.0,2019.0,1.0,30.969065117074003,19.28952,0.0,1.4,-4.7,2.8,0.0,50.4,0.0,-0.14285714285714265,-4.7,-4.7,-4.7,2.8,2.8,2.8
2019-01-21,93.0,-0.6785714285714285,0.764935064935065,5.4072262055600415,6.155524038656352,13.285714285714286,8.761904761904763,1.0,0.7814371001862206,0.29062639378093236,0.7843945293849778,-0.1721831074139566,7.0,0.0,23.0,23.0,4.0,1.0,2019.0,1.0,33.95089158548396,20.21506,0.0,-1.2,-5.2,3.6,0.0,40.1,0.0,-0.8,-5.2,-5.2,-5.2,3.6,3.6,3.6
2019-01-28,164.0,2.714285714285714,0.9155844155844158,9.216961590045871,8.266109812273937,23.428571428571427,15.857142857142858,1.0,0.07542391984665327,1.1929804061812797,-1.5244150797321567,0.7229522813943057,11.0,7.0,35.0,35.0,5.0,1.0,2019.0,1.0,32.667920013672884,19.00197,0.0,1.2,-2.5,2.0,0.0,17.1,0.0,0.17142857142857149,-2.5,-2.5,-2.5,2.0,2.0,2.0
2019-02-04,270.0,0.0,1.683116883116883,17.9986772000717,15.6457814183401,38.57142857142857,25.095238095238095,1.0,-0.42136469093853746,0.9471533425205263,0.5579051610787609,0.388078444664403,8.0,7.0,64.0,64.0,6.0,2.0,2019.0,1.0,28.658349000170908,23.25226,0.0,-0.6,-2.1,3.3,0.0,17.4,0.0,0.2285714285714285,-2.1,-2.1,-2.1,3.3,3.3,3.3
2019-02-11,274.0,2.7142857142857153,1.1974025974025975,15.203383082158293,15.73576454177826,39.142857142857146,33.714285714285715,1.0,-0.49037618590310883,0.16769151442007285,-0.6858937081442662,-0.7587318975750513,15.0,8.0,58.0,64.0,7.0,2.0,2019.0,1.0,40.184583831823616,25.00449,0.0,-3.0,-6.1,5.1,0.0,19.2,0.0,-1.9571428571428573,-6.1,-6.1,-6.1,5.1,5.1,5.1
2019-02-18,315.0,1.1785714285714286,0.5506493506493507,17.07825127659932,16.213897624891942,45.0,40.904761904761905,1.0,0.32040751195046185,-0.13169550822503925,-1.9928557714285724,-0.5468532381626072,26.0,8.0,69.0,69.0,8.0,2.0,2019.0,1.0,47.61351335953968,27.88594,0.0,0.9,-2.7,0.9,0.0,26.7,0.0,-1.0857142857142856,-2.7,-2.7,-2.7,0.9,0.9,0.9
2019-02-25,492.0,8.178571428571429,2.4207792207792207,25.10454331865237,23.187537703730115,70.28571428571429,51.476190476190474,1.0,0.029297658802444497,0.7139273218607337,-0.8391218530961198,0.26776524040062216,34.0,15.0,102.0,102.0,9.0,2.0,2019.0,1.0,48.502250327579326,34.94878,0.0,4.7,1.4,6.8,0.0,25.6,0.0,3.9,1.4,1.4,1.4,6.8,6.8,6.8
2019-03-04,1450.0,34.10714285714286,11.898701298701301,126.98087595044716,102.18004650988328,207.14285714285714,107.47619047619048,1.0,0.42058837530498905,1.9031319707482626,-2.334190537348674,2.5826596263961994,85.0,26.0,371.0,371.0,10.0,3.0,2019.0,1.0,48.568335896997674,39.39974,1.0,9.9,5.2,9.9,0.0,19.3,0.0,7.614285714285714,5.2,5.2,5.2,9.9,9.9,9.9
2019-03-11,2063.0,4.785714285714286,15.993506493506494,32.80098720930125,119.60440746776139,294.7142857142857,190.71428571428572,1.0,0.9796580852455582,0.15942399964919954,-0.3668263632694838,-1.7845157288160183,264.0,34.0,350.0,371.0,11.0,3.0,2019.0,1.0,53.65236711673218,38.588029999999996,2.0,6.6,6.1,10.1,0.0,37.7,0.0,7.685714285714286,6.1,6.1,6.1,10.1,10.1,10.1
2019-03-18,1688.0,2.2857142857142865,3.6610389610389613,67.97653656821235,88.94174123173748,241.14285714285714,247.66666666666666,-1.0,0.27747947737182255,-0.5434845780541949,-0.542676224990393,-0.8515286223938886,143.0,85.0,338.0,371.0,12.0,3.0,2019.0,1.0,61.677206175582505,42.91619,0.0,7.1,3.5,7.1,0.0,19.8,0.0,5.085714285714286,3.5,3.5,3.5,7.1,7.1,7.1
2019-03-25,1813.0,1.1428571428571428,-1.974025974025974,62.212003129085296,58.23184368580165,259.0,264.95238095238096,-1.0,0.005366698299772062,-0.33663387291361196,-2.1906459385282893,-0.8009507173802614,179.0,143.0,332.0,350.0,13.0,3.0,2019.0,1.0,63.47518942630889,47.01072,0.0,7.3,3.3,10.3,0.0,43.2,0.0,6.514285714285713,3.3,3.3,3.3,10.3,10.3,10.3
2019-04-01,2808.0,0.6785714285714285,10.331168831168831,107.15009499362483,106.6431298436855,401.14285714285717,300.42857142857144,1.0,0.41196899475251764,0.9451327460402856,-1.4752196212130102,0.7018908871471039,277.0,143.0,545.0,545.0,14.0,4.0,2019.0,2.0,69.6245656013217,46.65129,0.0,5.5,4.4,11.6,0.0,15.3,0.0,8.1,4.4,4.4,4.4,11.6,11.6,11.6
2019-04-08,2830.0,38.10714285714285,10.697402597402599,113.2765263793492,115.2209265053963,404.2857142857143,354.8095238095238,1.0,0.8200364320316937,0.6142304735195248,-0.5412401457554793,-0.32857179105511153,286.0,179.0,592.0,592.0,15.0,4.0,2019.0,2.0,71.94781518828691,52.25543,1.0,11.6,6.7,12.6,0.0,10.4,0.0,9.771428571428572,6.7,6.7,6.7,12.6,12.6,12.6
2019-04-15,2793.0,2.2857142857142856,1.3571428571428577,160.19779440845403,122.4653498127611,399.0,401.4761904761905,-1.0,-0.426793342418486,-0.02417061520663407,0.08804562129409561,-0.29377340031470733,129.0,129.0,588.0,592.0,16.0,4.0,2019.0,2.0,86.59944169087903,69.36739,0.0,11.6,7.1,11.8,0.0,13.0,0.0,10.028571428571428,7.1,7.1,7.1,11.8,11.8,11.8
2019-04-22,4854.0,53.0,21.7961038961039,174.87886964301615,201.47925569693402,693.4285714285714,498.9047619047619,1.0,0.986709420565207,0.6614881203919422,-1.1341237978604142,0.7121278241996813,540.0,129.0,946.0,946.0,17.0,4.0,2019.0,2.0,98.8731271007805,88.39633,0.0,19.3,12.6,19.3,0.0,17.8,0.0,15.0,12.6,12.6,12.6,19.3,19.3,19.3
2019-04-29,5467.0,12.035714285714285,26.75714285714286,222.2146109807664,244.37749876934652,781.0,624.4761904761905,1.0,0.6613200476212268,0.2575521581486857,-0.802042952381975,0.10880430533613664,506.0,129.0,1116.0,1116.0,18.0,4.0,2019.0,2.0,96.94069389847887,80.47684,0.0,13.0,8.4,20.4,0.0,36.0,0.0,14.142857142857142,8.4,8.4,8.4,20.4,20.4,20.4
2019-05-06,8589.0,107.75,40.237662337662336,343.15351278011633,341.5131943348046,1227.0,900.4761904761905,1.0,-0.3443593583196242,0.8818913131307313,0.584066160902497,0.05292575248778089,643.0,506.0,1686.0,1686.0,19.0,5.0,2019.0,2.0,97.5160941149661,90.06769,0.0,14.5,14.5,19.5,0.0,11.7,0.0,17.15714285714286,14.5,14.5,14.5,19.5,19.5,19.5
2019-05-13,6264.0,37.214285714285715,12.954545454545451,136.94941714787598,305.5428736184952,894.8571428571429,967.6190476190476,-1.0,1.0895740110512604,0.8074384341429828,-0.943881049005445,0.4256227777242662,776.0,506.0,1093.0,1686.0,20.0,5.0,2019.0,2.0,100.0,100.0,0.0,18.7,15.0,21.6,0.0,28.9,0.0,17.942857142857143,15.0,15.0,15.0,21.6,21.6,21.6
2019-05-20,5959.0,-48.92857142857142,-20.41688311688312,174.83298152400056,282.2829212316036,851.2857142857143,991.047619047619,-1.0,-2.069783775063413,0.8901676956468325,4.451558379603116,1.33358454322354,479.0,479.0,988.0,1686.0,21.0,5.0,2019.0,2.0,98.02768757477352,83.19355,0.0,16.4,16.4,23.6,1.0,33.1,0.0,20.857142857142858,16.4,16.4,16.4,23.6,23.6,23.6
2019-05-27,4466.0,-40.75,-18.253246753246753,184.49480570827313,195.53494389933044,638.0,794.7142857142857,-1.0,-1.6422016385185452,-0.9560600402260621,3.1098075244205985,1.6374751309828928,263.0,263.0,808.0,1093.0,22.0,5.0,2019.0,2.0,89.77268842932831,71.94033,0.0,17.8,17.2,24.5,1.0,42.1,0.0,21.242857142857144,17.2,17.2,17.2,24.5,24.5,24.5
2019-06-03,4103.0,-9.214285714285714,-20.468831168831162,111.84576965838407,192.24219595281855,586.1428571428571,691.8095238095239,-1.0,0.6256538679123588,-0.2942313260744588,-0.7950214883554686,-0.43750760711401593,453.0,263.0,767.0,988.0,23.0,6.0,2019.0,2.0,89.17563949182474,70.36482,0.0,23.1,18.1,23.1,0.0,26.7,0.0,20.02857142857143,18.1,18.1,18.1,23.1,23.1,23.1
2019-06-10,3389.0,-20.57142857142857,-12.355844155844157,105.7771691992637,147.00427593392337,484.14285714285717,569.4285714285714,-1.0,-1.1384067664408986,-0.3422312605514782,0.6374911987593016,-0.07631649654352017,290.0,263.0,583.0,808.0,24.0,6.0,2019.0,2.0,89.69406938984787,63.724309999999996,0.0,18.4,18.4,23.0,1.0,49.3,0.0,21.24285714285714,18.4,18.4,18.4,23.0,23.0,23.0
2019-06-17,2797.0,-15.071428571428571,-13.503896103896102,94.51429723037961,126.08983947585756,399.57142857142856,489.95238095238096,-1.0,-1.6924731455420798,-0.03113625598715739,4.253338433598982,0.8949467621011897,203.0,203.0,511.0,767.0,25.0,6.0,2019.0,2.0,84.68068136500881,61.534769999999995,1.0,21.7,20.5,23.0,0.0,35.4,0.0,21.942857142857143,20.5,20.5,20.5,23.0,23.0,23.0
2019-06-24,2824.0,12.142857142857142,-5.990909090909093,85.48656257536936,99.12188264478993,403.42857142857144,429.04761904761904,-1.0,0.8348714069398611,-0.3292771503607942,-1.007401305400392,-0.19151170872416717,319.0,203.0,535.0,583.0,26.0,6.0,2019.0,2.0,84.41519968096621,60.782959999999996,0.0,25.2,20.8,25.2,0.0,28.3,0.0,23.057142857142853,20.8,20.8,20.8,25.2,25.2,25.2
2019-07-01,2702.0,8.678571428571429,-0.6545454545454545,88.66979944340406,85.37934957197322,386.0,396.3333333333333,-1.0,0.8307344723946268,-0.12609044213667067,-0.4668753591249697,-0.031983454622398,304.0,203.0,537.0,537.0,27.0,7.0,2019.0,3.0,83.50139577280237,61.78937,0.0,23.9,23.1,25.6,0.0,36.4,0.0,24.6,23.1,23.1,23.1,25.6,25.6,25.6
2019-07-08,2814.0,9.107142857142856,0.9974025974025976,66.77324813626208,77.16364799196862,402.0,397.14285714285717,1.0,0.5316310057965722,0.6048033583325122,-1.363502397888729,-0.9628722519445135,324.0,304.0,493.0,537.0,28.0,7.0,2019.0,3.0,81.91078448128523,58.183069999999994,0.0,25.1,24.1,29.7,0.0,31.7,0.0,26.14285714285714,24.1,24.1,24.1,29.7,29.7,29.7
2019-07-15,2219.0,-13.214285714285714,-4.224675324675324,109.2001221000547,93.28415370969066,317.0,368.3333333333333,-1.0,-1.3274946344823484,-0.7288119321885607,2.5338209558286935,2.2807374117208794,102.0,102.0,432.0,537.0,29.0,7.0,2019.0,3.0,79.23431891984275,56.70041,3.0,23.8,21.9,25.9,1.0,58.8,0.0,23.97142857142857,21.9,21.9,21.9,25.9,25.9,25.9
2019-07-22,2351.0,-0.9285714285714285,-4.392207792207794,55.43894110168742,85.04027057252037,335.85714285714283,351.6190476190476,-1.0,0.794028090424406,-0.883523555053736,0.5406753251038368,2.742926611327972,274.0,102.0,435.0,493.0,30.0,7.0,2019.0,3.0,78.2897510397083,58.64434,0.0,26.7,24.7,28.6,1.0,54.4,0.0,26.51428571428571,24.7,24.7,24.7,28.6,28.6,28.6
2019-07-29,2165.0,14.107142857142856,-0.4922077922077923,54.31916262767331,74.26583525224862,309.2857142857143,320.7142857142857,-1.0,0.8207714111885871,-0.9198398224583545,-1.2413675296716433,2.6648373992565335,257.0,102.0,386.0,435.0,31.0,7.0,2019.0,3.0,76.65128468068136,52.26142,0.0,27.5,25.1,28.4,1.0,63.4,0.0,26.857142857142858,25.1,25.1,25.1,28.4,28.4,28.4
2019-08-05,2304.0,-16.57142857142857,-0.5506493506493507,68.63290894662977,57.91364671811236,329.14285714285717,324.76190476190476,1.0,-2.0385559348280604,-0.4362552331880971,4.483018266261155,0.4054525331140493,183.0,183.0,378.0,435.0,32.0,8.0,2019.0,3.0,71.18897054634535,49.25118,1.0,30.5,25.8,30.5,0.0,37.6,0.0,28.114285714285717,25.8,25.8,25.8,30.5,30.5,30.5
2019-08-12,1971.0,-17.035714285714285,-2.4727272727272727,60.79982769399315,61.70035116053373,281.57142857142856,306.6666666666667,-1.0,-1.1121051384620766,-0.7029887540649675,1.5339361425852958,0.1487898338753729,168.0,168.0,357.0,386.0,33.0,8.0,2019.0,3.0,75.51415712413832,42.742459999999994,1.0,26.6,26.6,31.6,1.0,79.3,0.0,29.385714285714283,26.6,26.6,26.6,31.6,31.6,31.6
2019-08-19,1599.0,-2.7857142857142856,-7.732467532467535,27.945525240235266,67.32989147261503,228.42857142857142,279.7142857142857,-1.0,-0.5927817573146293,-0.08263586585214909,1.160635458071559,-1.19030857781354,179.0,168.0,268.0,378.0,34.0,8.0,2019.0,3.0,74.92280521848116,39.81908,0.0,26.3,25.6,30.4,0.0,34.7,0.0,27.028571428571432,25.6,25.6,25.6,30.4,30.4,30.4
2019-08-26,1359.0,-5.142857142857142,-6.4714285714285715,31.08820018071904,54.69565143330958,194.14285714285714,234.71428571428572,-1.0,0.42005393861074825,0.5072940337994148,-2.510243871579611,-0.39542562106796314,165.0,165.0,235.0,357.0,35.0,8.0,2019.0,3.0,77.32695265766534,41.40358,0.0,26.4,24.1,28.2,0.0,34.2,0.0,26.25714285714286,24.1,24.1,24.1,28.2,28.2,28.2
2019-09-02,823.0,-13.250000000000002,-7.824675324675328,34.57290433686533,56.0156015682007,117.57142857142857,180.04761904761904,-1.0,0.5062890909264819,-0.3852487094594647,-1.0812916948548286,-0.8781570412614051,83.0,83.0,173.0,268.0,36.0,9.0,2019.0,3.0,72.03554947872158,40.271370000000005,0.0,24.4,22.6,26.1,0.0,33.8,0.0,24.199999999999996,22.6,22.6,22.6,26.1,26.1,26.1
2019-09-09,406.0,-3.1785714285714284,-9.448051948051948,14.605934866817242,63.03166248950002,58.0,123.23809523809524,-1.0,1.6035647641584052,0.3479419131760555,2.3309941406248327,-1.1972022887955727,46.0,46.0,87.0,235.0,37.0,9.0,2019.0,3.0,59.22292485614994,31.507209999999997,0.0,25.1,22.8,25.7,0.0,55.1,0.0,24.385714285714283,22.8,22.8,22.8,25.7,25.7,25.7
2019-09-16,70.0,-3.1071428571428568,-7.555844155844155,8.944271910022206,49.79386078050502,10.0,61.857142857142854,-1.0,0.694578615510872,0.6519340566442147,-0.19637500000000258,-0.2922326168357276,0.0,0.0,25.0,173.0,38.0,9.0,2019.0,3.0,72.09479860992423,39.657340000000005,0.0,24.5,21.0,24.5,0.0,28.4,0.0,23.357142857142854,21.0,21.0,21.0,24.5,24.5,24.5
2019-09-23,-3.0,-1.8214285714285712,-4.012987012987013,9.744351233037607,28.21811306167787,-0.42857142857142855,22.523809523809526,-1.0,-0.28495793349110166,0.7760563991593018,-0.96779123730268,-0.4121728942624957,-15.0,-15.0,12.0,87.0,39.0,9.0,2019.0,3.0,63.28604796900814,35.40705,0.0,20.0,18.6,23.5,0.0,33.1,0.0,20.257142857142856,18.6,18.6,18.6,23.5,23.5,23.5
2019-09-30,-5.0,-0.8214285714285714,-0.8909090909090909,3.1471831699446255,9.030372032609865,-0.7142857142857143,2.9523809523809526,-1.0,-0.3675447874474029,0.48793888811020153,0.8360392011834321,0.9675510689238422,-6.0,-15.0,4.0,25.0,40.0,9.0,2019.0,3.0,58.85033897339486,33.56197,0.0,22.4,19.8,23.7,0.0,28.5,0.0,22.171428571428574,19.8,19.8,19.8,23.7,23.7,23.7
2019-10-07,0.0,-2.642857142857143,-0.1649350649350649,9.398581453270145,7.6188988080523306,0.0,-0.38095238095238093,1.0,-0.263066596005751,-0.20618286755620913,-1.2717095051619787,-0.39509687493037887,-12.0,-15.0,12.0,12.0,41.0,10.0,2019.0,4.0,60.38284054007861,30.57868,0.0,14.8,14.8,23.1,1.0,58.4,0.0,20.157142857142862,14.8,14.8,14.8,23.1,23.1,23.1
2019-10-14,7.0,0.3571428571428571,-0.0038961038961038827,3.265986323775115,5.761117616417717,1.0,0.09523809523809523,1.0,0.12056082327760964,-0.3143517042531212,0.12890625,0.9579591979563994,-4.0,-12.0,6.0,12.0,42.0,10.0,2019.0,4.0,51.011223152737415,27.63433,0.0,14.4,13.6,18.8,0.0,33.2,0.0,15.971428571428572,13.6,13.6,13.6,18.8,18.8,18.8
2019-10-21,-37.0,-0.42857142857142844,-0.43506493506493504,7.432233529600619,7.3659448040875715,-5.285714285714286,-1.4285714285714286,-1.0,-0.05783289565601702,-0.3316111034660474,0.17650237812128466,-0.21873448715581623,-17.0,-17.0,6.0,12.0,43.0,10.0,2019.0,4.0,50.496211473822136,25.489720000000002,0.0,17.1,14.5,17.1,0.0,0.0,0.0,16.014285714285712,14.5,14.5,14.5,17.1,17.1,17.1
2019-10-28,5.0,2.4285714285714284,0.06753246753246757,6.824326235742854,6.523948556022394,0.7142857142857143,-1.1904761904761905,1.0,1.2361048593987172,-0.16189221267632037,2.3078474914373883,1.4048626656351397,-7.0,-17.0,14.0,14.0,44.0,10.0,2019.0,4.0,46.042271976300356,22.56334,1.0,12.9,10.0,18.3,1.0,38.6,0.0,14.85714285714286,10.0,10.0,10.0,18.3,18.3,18.3
2019-11-04,-24.0,0.21428571428571427,0.19870129870129874,7.892129895417157,7.472170590467988,-3.4285714285714284,-2.6666666666666665,-1.0,1.3205583900375424,0.5141634128402068,2.3115730999074158,0.5451861509420683,-12.0,-17.0,12.0,14.0,45.0,11.0,2019.0,4.0,44.036916766364726,22.2758,0.0,13.8,11.2,14.9,0.0,32.8,0.0,13.642857142857142,11.2,11.2,11.2,14.9,14.9,14.9
2019-11-11,-17.0,1.392857142857143,-0.053246753246753216,5.318431562607197,6.664404378037653,-2.4285714285714284,-1.7142857142857142,-1.0,-0.8751725766869587,0.693438408252812,0.4796653402714,0.8125911075636469,-12.0,-12.0,3.0,14.0,46.0,11.0,2019.0,4.0,41.48008887369679,19.92451,0.0,11.2,6.8,12.4,1.0,47.4,0.0,10.014285714285714,6.8,6.8,6.8,12.4,12.4,12.4
2019-11-18,8.0,-1.0714285714285712,0.3103896103896104,4.810702354467218,6.177146821702122,1.1428571428571428,-1.5714285714285714,1.0,-0.12266887728929644,0.20214427255386952,-0.7267794543514704,-0.016858282840680843,-6.0,-12.0,8.0,12.0,47.0,11.0,2019.0,4.0,39.03492280521848,18.48679,0.0,4.6,1.3,9.3,1.0,30.2,0.0,6.1571428571428575,1.3,1.3,1.3,9.3,9.3,9.3
2019-11-25,51.0,-4.321428571428571,0.4727272727272727,17.240594399222715,11.022703842511739,7.285714285714286,2.0,1.0,1.2765078404739678,2.207706306472936,1.2920014196191005,6.616842925277938,-9.0,-12.0,40.0,40.0,48.0,11.0,2019.0,4.0,37.47849370477981,18.10339,0.0,1.9,0.2,12.1,0.0,47.9,0.0,5.485714285714286,0.2,0.2,0.2,12.1,12.1,12.1
2019-12-02,-2.0,-0.4642857142857143,-0.30389610389610383,2.2146697056632205,10.436200731780172,-0.2857142857142857,2.7142857142857144,-1.0,1.1468102077962032,2.5292517780179797,2.370195117353191,7.970378937962981,-3.0,-9.0,4.0,40.0,49.0,12.0,2019.0,4.0,40.47285364325187,18.292089999999998,0.0,-0.1,-0.1,6.6,0.0,24.5,0.0,3.3285714285714283,-0.1,-0.1,-0.1,6.6,6.6,6.6
2019-12-09,-1.0,0.10714285714285714,-0.6428571428571428,0.37796447356535956,10.188929566642848,-0.14285714285714285,2.2857142857142856,-1.0,-2.6457513110645907,2.887189790248262,7.000000000000002,9.659462760922906,-1.0,-9.0,0.0,40.0,50.0,12.0,2019.0,4.0,41.60086594884066,18.369970000000002,0.0,3.2,-5.9,3.2,0.0,47.9,0.0,-1.1285714285714288,-5.9,-5.9,-5.9,3.2,3.2,3.2
2019-12-16,0.0,0.0,0.005194805194805189,2.0500789362025014e-05,1.2363540869401741,0.0,-0.14285714285714285,1.0,0.0,1.1744542550189596,0.0,7.308460250109947,0.0,-3.0,0.0,4.0,51.0,12.0,2019.0,4.0,40.06950378852618,19.24159,0.0,7.8,-0.7,8.1,0.0,41.2,0.0,4.514285714285714,-0.7,-0.7,-0.7,8.1,8.1,8.1
2019-12-23,1.0,-0.17857142857142855,0.015584415584415584,1.3451854184252732,0.7745966690622252,0.14285714285714285,0.0,1.0,1.9484694050219162,2.8537772024686228,4.583933518005542,12.251461988304094,-1.0,-1.0,3.0,3.0,52.0,12.0,2019.0,4.0,39.50094001025465,16.76451,0.0,3.4,-1.2,7.7,1.0,57.4,0.0,1.842857142857143,-1.2,-1.2,-1.2,7.7,7.7,7.7
2019-12-30,0.0,0.0,-0.006493506493506495,2.0500783495217835e-05,0.7400128697133308,0.0,0.047619047619047616,-1.0,0.0,3.1955656740361325,0.0,14.146532683315094,0.0,-1.0,0.0,3.0,1.0,12.0,2019.0,4.0,9.98575742038398,17.818839999999998,0.0,2.7,-1.7,3.8,1.0,43.4,0.0,1.5285714285714285,-1.7,-1.7,-1.7,3.8,3.8,3.8
2020-01-06,25.0,0.17857142857142855,0.24155844155844158,2.878491668515698,2.3124919562279667,3.5714285714285716,1.380952380952381,1.0,0.7187672418410175,1.9779439491495896,-0.6558858501783498,3.5249730911537878,0.0,0.0,8.0,8.0,2.0,1.0,2020.0,1.0,0.0,0.0,0.0,3.1,-7.9,3.1,1.0,39.1,0.0,-0.5142857142857146,-7.9,-7.9,-7.9,3.1,3.1,3.1
2020-01-13,379.0,12.857142857142856,3.890909090909091,33.19853697292785,31.10718796125974,54.142857142857146,19.428571428571427,1.0,-0.309396076459014,1.5707032065552475,-1.7284913373338617,0.9787282541514173,8.0,0.0,91.0,91.0,3.0,1.0,2020.0,1.0,0.0,0.0,0.0,-2.9,-2.9,6.3,0.0,28.1,0.0,0.41428571428571426,-2.9,-2.9,-2.9,6.3,6.3,6.3
