time,temp,temp_min,temp_max,rain,humidity,snow
2016.1.1,1.2,-3.3,4,,73,
2016.1.2,5.7,1,9.5,,76.9,
2016.1.3,6.5,5.1,9.4,,80.6,
2016.1.4,2,-2.5,5.3,,54.4,
2016.1.5,-2.7,-4.8,1.5,,39.4,
2016.1.6,-1.7,-4.9,1.7,,54.3,
2016.1.7,-3.4,-5.9,1.4,,51.8,
2016.1.8,-3.3,-6.9,1,,49.8,
2016.1.9,-2.1,-6.2,2.4,,57.1,
2016.1.10,0.3,-2.7,3.8,,42.3,
2016.1.11,-3.8,-6.5,0.9,,38.3,
2016.1.12,-5.2,-9.1,0.7,,46,
2016.1.13,-4.5,-8.2,0.1,0.4,63,0.5
2016.1.14,-3.4,-8.4,1.3,0,52.1,0
2016.1.15,-0.4,-4.3,5.3,,52.3,
2016.1.16,-0.2,-2.1,2.8,0.1,68,
2016.1.17,1.7,-0.7,5.4,,64,
2016.1.18,-6.3,-12.3,0.4,0.2,59.8,0.4
2016.1.19,-12.8,-15.1,-8.9,,45.9,
2016.1.20,-10.5,-14.5,-5.2,,43.6,
2016.1.21,-7.1,-10.2,-2.3,,44.3,
2016.1.22,-7.6,-11.1,-3.8,,40.5,
2016.1.23,-11.5,-16,-8.3,0,42,
2016.1.24,-14.4,-18,-10.5,,48.5,
2016.1.25,-9.4,-14.3,-3.4,,47.1,
2016.1.26,-3.3,-8.5,1.7,0.3,64.5,0.5
2016.1.27,-1.1,-4.7,4.3,,56.3,
2016.1.28,-0.5,-5.6,3.5,,51.5,
2016.1.29,1.9,-1.4,5.4,,43.6,
2016.1.30,0.6,-2.5,5.2,,59.5,
2016.1.31,-3.9,-6.5,0.3,,34,
2016.2.1,-6,-9.1,-1,,36,
2016.2.2,-5.3,-10,0.9,,41.8,
2016.2.3,-2.4,-8.3,4,,49.6,
2016.2.4,-0.7,-4,3.9,,50.1,
2016.2.5,-2.2,-6.8,3.4,,39.4,
2016.2.6,-3.1,-6.2,2,,38.6,
2016.2.7,-2.9,-8.3,3.5,,46.5,
2016.2.8,1.3,-4.3,5.5,,62.1,
2016.2.9,0.3,-3.9,5.5,,52.5,
2016.2.10,2.7,-4.3,10.7,,38.5,
2016.2.11,8.1,1.6,13.5,0.1,29.3,
2016.2.12,8.4,6.8,10,18,95.3,
2016.2.13,11,5.8,14.4,21,95,
2016.2.14,-2.6,-6.8,5.8,2.5,73.1,
2016.2.15,-5.8,-10,-2.3,0,48.4,
2016.2.16,-2.7,-6.7,1.1,0.8,65.6,1.2
2016.2.17,0,-5.2,5.4,,53.9,
2016.2.18,3.5,-1.4,7.8,,66.4,
2016.2.19,2.3,0.1,4.4,,56.4,
2016.2.20,1.3,-2.5,6.3,,37.1,
2016.2.21,-0.6,-4.2,4.4,,36.4,
2016.2.22,1.1,-2.2,4.2,0,36.6,
2016.2.23,0.7,-4.5,4.5,0.9,56,0.3
2016.2.24,-3,-6.8,2.2,,42,
2016.2.25,-0.2,-5.8,5.7,,49.9,
2016.2.26,2.2,-3.2,7.5,0,41.3,
2016.2.27,3.3,0.5,8.1,0.2,57.6,
2016.2.28,0.7,-2.6,6.9,4.1,65.5,5
2016.2.29,-3.8,-5.9,-1.1,0,48.6,
2016.3.1,-2.7,-7.5,2.1,,47.3,
2016.3.2,3.1,-2.2,8.1,,67.9,
2016.3.3,8.1,4.4,13.9,,65.1,
2016.3.4,13.2,6.4,20.3,0.1,55.3,
2016.3.5,11.3,9.1,13.5,40,91.3,
2016.3.6,7.9,4.3,12.9,0.2,51,
2016.3.7,8.1,4.8,12.2,0,36.9,
2016.3.8,2.7,-1.4,7,,40.4,
2016.3.9,0.3,-2.7,5.3,,37.5,
2016.3.10,-1.1,-4.3,3.1,,37.8,
2016.3.11,-0.5,-5.5,4.6,,43.8,
2016.3.12,2,-3.3,6.4,,55.6,
2016.3.13,3.7,1.9,6.5,0.1,68.1,
2016.3.14,4.7,1.3,9.6,,57,
2016.3.15,5.2,-1,12.4,,43.4,
2016.3.16,7.5,2.7,13.8,,45.1,
2016.3.17,9.3,2,14.7,,40.9,
2016.3.18,13.4,8.8,20.1,,50,
2016.3.19,11.4,6.6,18.1,,58.3,
2016.3.20,10.6,4.9,17.5,,54,
2016.3.21,9.9,5.5,16.1,,54.1,
2016.3.22,8,3.5,13.8,,58.1,
2016.3.23,8.2,3.8,13.8,,49.6,
2016.3.24,7.2,1.6,12.7,,36.5,
2016.3.25,7.1,2.1,12.6,,43.9,
2016.3.26,6.5,2.1,12.6,,54.5,
2016.3.27,7.2,2.2,13.1,,55.6,
2016.3.28,9.8,2.3,17.4,,47.8,
2016.3.29,11.3,7.6,17.1,0.1,57.8,
2016.3.30,11.5,7,18.3,,49.9,
2016.3.31,13.5,6,21.4,,27,
2016.4.1,15.3,7.3,23.8,,26,
2016.4.2,15,9.6,21.7,,40.8,
2016.4.3,10.7,8.2,12.7,2,75.1,
2016.4.4,12.3,5.1,19.8,,42.6,
2016.4.5,11.4,5.9,18.1,,45.1,
2016.4.6,14.4,6.6,22.9,3,44.3,
2016.4.7,14.1,10.5,20.6,7.5,69.5,
2016.4.8,11.1,7.8,18.7,,76.1,
2016.4.9,10.7,7.4,14.1,,83.9,
2016.4.10,13.4,9.3,20.7,,71.3,
2016.4.11,12.5,5.7,19.4,,43.8,
2016.4.12,14.1,10.3,19.4,,42.6,
2016.4.13,15.6,11.4,21.4,1,67.5,
2016.4.14,12.4,9.3,18.6,,75.9,
2016.4.15,15,8.1,23.1,,46.4,
2016.4.16,14.9,9.8,20.7,23.5,58.9,
2016.4.17,10.8,8.3,14.5,20.5,66.8,
2016.4.18,11.2,7.1,18.6,1.5,65.4,
2016.4.19,12,6.5,19.2,,55.1,
2016.4.20,14.3,10.1,20.9,0.5,54,
2016.4.21,13.5,10.3,16.9,17,87.6,
2016.4.22,13.5,10.1,18.6,0,83.4,
2016.4.23,13.5,7.8,19.8,,52.1,
2016.4.24,15.5,8.1,23.7,,39.6,
2016.4.25,17.2,10.2,25.3,,34.8,
2016.4.26,21.1,12.1,29.6,,34.8,
2016.4.27,17.2,14.5,20.7,,32,
2016.4.28,17.2,12.4,23,,34.4,
2016.4.29,16.2,10.9,22.6,0.3,47.6,
2016.4.30,15.9,10.8,20.4,,45.3,
2016.5.1,18.8,12.2,26,,40.5,
2016.5.2,21.1,16.5,28.4,16.5,64.5,
2016.5.3,12.9,8.9,17.6,27,86.1,
2016.5.4,15.7,10.2,20.6,,46.6,
2016.5.5,18.9,10.2,26.9,7.5,50.8,
2016.5.6,16.3,13,18.6,9.5,89.3,
2016.5.7,16.5,10.7,22.6,,60.3,
2016.5.8,19.4,11.6,26.8,,44.8,
2016.5.9,20.2,16.3,25.4,0,43,
2016.5.10,14.5,12.5,18.1,13.5,82.4,
2016.5.11,16.4,10.4,23.5,,60.9,
2016.5.12,17.8,12.1,24,,62.4,
2016.5.13,18.6,12.7,25.4,0.5,57,
2016.5.14,20.2,15.1,26.9,,47.1,
2016.5.15,17.4,12.3,24.2,45,73.9,
2016.5.16,15.9,10.8,21.9,2.5,57,
2016.5.17,19.3,10.9,26.6,,48.8,
2016.5.18,22.3,13.5,29.5,,40.3,
2016.5.19,24.3,16.3,31.9,,36.4,
2016.5.20,24,16.8,31.6,,32,
2016.5.21,24.1,17.8,30.4,,23.8,
2016.5.22,24.7,17.6,31.7,,35,
2016.5.23,23.3,18.3,29.4,,43,
2016.5.24,16.8,15.4,21.8,38.5,82.6,
2016.5.25,19.7,15.3,24.4,,67.9,
2016.5.26,19.4,17.5,22.9,0,72,
2016.5.27,20.9,14.8,27.1,,61.3,
2016.5.28,21.7,17.2,28,,56.1,
2016.5.29,21.5,17.2,27.6,,56.1,
2016.5.30,22.1,16.9,28.9,,57.3,
2016.5.31,21.6,17.4,27.6,,63.6,
2016.6.1,23.3,17.1,29.9,,45.8,
2016.6.2,23.2,17.2,29.1,,38.3,
2016.6.3,22.2,17.6,27.7,,48.1,
2016.6.4,21.2,18.2,26.3,,51.8,
2016.6.5,24.7,17.3,32.2,,47.3,
2016.6.6,23.3,20.8,28.4,0,49.1,
2016.6.7,21.7,19.6,25.9,0.1,69.5,
2016.6.8,22.1,18.2,27.7,,65.9,
2016.6.9,24.1,17.8,31.3,,59.5,
2016.6.10,24.6,20.2,31.3,,60.9,
2016.6.11,23.5,20.9,26.5,3,74.3,
2016.6.12,23.5,19.9,26.7,1.5,79.4,
2016.6.13,23.5,19.4,29.6,,70.5,
2016.6.14,23.8,19.7,29.5,0,62.5,
2016.6.15,20.9,17.4,24.5,15.5,81.8,
2016.6.16,20.9,18.6,24.9,0,73.5,
2016.6.17,23.8,18.6,29.1,,63.1,
2016.6.18,24.5,20.1,29.9,,58,
2016.6.19,24.1,20.3,29.3,0,64.5,
2016.6.20,24.7,19.6,30.7,,66,
2016.6.21,26,21,31.3,,60.1,
2016.6.22,24.3,20.9,30.2,30.5,75.1,
2016.6.23,24.7,19.6,29.4,0.1,71,
2016.6.24,23.1,21.1,25.7,3.5,75.8,
2016.6.25,22.8,19.2,26.7,,63.1,
2016.6.26,24.4,19.4,30.3,,58.4,
2016.6.27,24.4,19.9,29.5,,55.5,
2016.6.28,24.7,20.4,29.7,,61.1,
2016.6.29,25.3,20.9,30.2,,58,
2016.6.30,24.6,23,26.9,0.2,78.1,
2016.7.1,24,22,26.6,108.5,86.5,
2016.7.2,23.5,20.6,27.7,4,81.4,
2016.7.3,23.5,21.1,26.8,,70.4,
2016.7.4,21.8,20.2,24.1,29.5,85.1,
2016.7.5,23.1,20.2,24.8,100.5,93.6,
2016.7.6,22.9,20.3,26.9,0,74,
2016.7.7,24,20.1,28.5,0,71.6,
2016.7.8,27.3,21.2,32.4,,66.5,
2016.7.9,27.7,23.2,32.7,,64.8,
2016.7.10,27.9,23.2,33.1,,64.4,
2016.7.11,28.4,24.8,33.4,0,67.4,
2016.7.12,26.3,22.1,30.9,3,65.5,
2016.7.13,26.3,23.2,29.5,0,69,
2016.7.14,27.5,24,32.4,0.1,66.9,
2016.7.15,26.2,23.7,29.2,1.5,60,
2016.7.16,20.8,19.8,23.8,46.5,92.8,
2016.7.17,21.7,20.4,23.1,2.5,82.9,
2016.7.18,24.4,20.7,28.4,0.2,75.1,
2016.7.19,27.1,20.9,32.4,,65.5,
2016.7.20,28.6,24,32.9,,62.5,
2016.7.21,28.3,24.9,32.2,,61.3,
2016.7.22,29.1,25.3,34.1,,64,
2016.7.23,28.7,27.2,31.6,0.5,70.4,
2016.7.24,28,27,30.1,0.5,77.9,
2016.7.25,28.4,26.4,31.4,,75.3,
2016.7.26,28.4,25.6,31.9,,69,
2016.7.27,27.6,26.7,28.9,0.5,76.4,
2016.7.28,28,26.7,30.5,0.2,70.6,
2016.7.29,26.3,23.4,28.4,59.5,82.3,
2016.7.30,28.6,26.4,33,0.5,73.5,
2016.7.31,28.9,26.6,32.8,0.2,72.1,
2016.8.1,28.4,25.8,32.4,,72,
2016.8.2,27.2,25,31.1,2,72.5,
2016.8.3,29.1,24,34.2,,65.4,
2016.8.4,30.7,26,35.7,,59.6,
2016.8.5,31.2,26.5,36,,60.1,
2016.8.6,30.5,26.6,34,,64.8,
2016.8.7,30.6,27,35,,56,
2016.8.8,30.5,26.4,35.5,,63.1,
2016.8.9,29.3,26.4,33.6,1,68.3,
2016.8.10,29.4,26.1,34.8,,66.3,
2016.8.11,30.5,26.1,36.4,,64.1,
2016.8.12,30.4,26.4,35.9,,68.3,
2016.8.13,30.2,26.8,35.1,,67.9,
2016.8.14,28.9,27.3,31.8,0.2,74,
2016.8.15,29.1,25.8,34,0,65.5,
2016.8.16,29.3,26.2,34.9,0.5,64.9,
2016.8.17,29.9,25.1,34.7,,60.4,
2016.8.18,29.9,26.2,34.3,,61.9,
2016.8.19,28.9,26.6,33.2,11.5,69.5,
2016.8.20,30.1,26.5,34.9,,59,
2016.8.21,30.7,26.9,36.6,0,57.5,
2016.8.22,30.7,25.8,36.3,0.4,58,
2016.8.23,28.3,26,33,8,68.8,
2016.8.24,29.1,26.4,32.9,0,59.1,
2016.8.25,27.1,24,32.2,4.5,70.4,
2016.8.26,23,19.5,28.2,20,57,
2016.8.27,23.4,16.9,29.7,0,43.3,
2016.8.28,21,18.3,24.5,1.5,62.5,
2016.8.29,22.2,17.4,27.1,,54.5,
2016.8.30,20.6,17.9,24.5,0,60.4,
2016.8.31,17.7,16.1,19.2,17.5,85.3,
2016.9.1,23.2,15.8,28.6,,71.3,
2016.9.2,24.2,20.6,29,4.5,68.5,
2016.9.3,23.9,20.4,28.6,0.5,73.8,
2016.9.4,25.6,22.1,29.6,,71.3,
2016.9.5,26.4,23,31.1,,66.1,
2016.9.6,24.7,21,29,,69,
2016.9.7,24.3,20.9,28.6,,69.8,
2016.9.8,23,21.5,26.5,4.5,76.4,
2016.9.9,23.9,19.7,29.3,,71.1,
2016.9.10,24.4,20,29.1,,65.4,
2016.9.11,24.5,22.1,28.2,,66.3,
2016.9.12,23.4,21.4,27.5,2.5,68.9,
2016.9.13,24.6,19.6,30.8,,62.5,
2016.9.14,24.6,21.4,28.9,,66.1,
2016.9.15,23.9,18.8,29.5,,68.1,
2016.9.16,24.6,20.4,29.5,,64.9,
2016.9.17,23.1,18.5,28.2,7,64.8,
2016.9.18,23.5,20.2,28.3,,53.4,
2016.9.19,21.9,18.2,27.8,,53.3,
2016.9.20,20.6,15.4,26.8,,41.1,
2016.9.21,20.2,14.3,25.3,,43.4,
2016.9.22,21.9,17.5,27.2,,46.3,
2016.9.23,21.4,16.4,27.9,,57.9,
2016.9.24,22.3,16.5,28.9,,60.6,
2016.9.25,23,18.6,29.7,,57.6,
2016.9.26,23.6,19.7,28.9,,59.1,
2016.9.27,21,19.1,23.8,13.5,82.5,
2016.9.28,19.9,18.7,21.8,0.5,84.6,
2016.9.29,20.4,18.2,24.8,,64.4,
2016.9.30,20.5,17.7,23.5,,66.9,
2016.10.1,21.1,17.5,25.6,,69,
2016.10.2,19,16.7,22.4,18.5,84.1,
2016.10.3,22.7,19.6,27.9,6.5,73.3,
2016.10.4,22,15.6,29,,58.9,
2016.10.5,21.1,17.5,27.2,,61.9,
2016.10.6,18,13.6,23.5,,59.3,
2016.10.7,19.7,16.5,24.8,2,67.8,
2016.10.8,16.8,10.3,21.8,6,66.4,
2016.10.9,11.3,6.5,16.6,,46.3,
2016.10.10,14,7.4,21.4,,43.3,
2016.10.11,15.4,10,21.1,,62.4,
2016.10.12,15.5,11.4,20.7,,57,
2016.10.13,15.2,9.3,21.9,,44.1,
2016.10.14,16.7,10.5,23.5,,61.8,
2016.10.15,19.1,12.4,27.1,,60.6,
2016.10.16,17.2,15.4,19.5,1.5,74.1,
2016.10.17,17.5,14.5,21.7,,76.1,
2016.10.18,17,11.2,24,,70.9,
2016.10.19,18,14,24.3,,67.6,
2016.10.20,18.6,12.9,25.8,,61.3,
2016.10.21,17.9,15.7,22,,58.6,
2016.10.22,18.3,14.5,22.8,,59,
2016.10.23,13.3,10.6,17.8,2.5,66.3,
2016.10.24,15.1,9,20.6,,54.8,
2016.10.25,14.1,12.5,17.5,37,84,
2016.10.26,13.3,10.5,16.3,0,81,
2016.10.27,14.6,8.6,20.9,,65.4,
2016.10.28,14.6,10.2,18.4,0.3,61.8,
2016.10.29,7.8,3.5,11.2,,40.3,
2016.10.30,7.9,1.6,15.1,,31.9,
2016.10.31,5.7,0.7,8.2,0.5,59.9,
2016.11.1,1.5,-2.4,6.6,,43.6,
2016.11.2,4.1,-2.7,10.5,0.1,53.1,
2016.11.3,9.1,4.2,14.1,0.2,62.8,
2016.11.4,12.3,8.2,15.7,0,67,
2016.11.5,15,12.2,18.1,0,77.4,
2016.11.6,14,11.9,18.3,,59.4,
2016.11.7,12.8,8.5,17.8,5.5,71.3,
2016.11.8,4.1,0.4,8.4,0.5,58,
2016.11.9,2.1,-3.2,8.6,,41.1,
2016.11.10,6,1.5,9.8,0.4,55.5,
2016.11.11,9.1,6.2,14.2,4,63.3,
2016.11.12,11.4,5.1,16.7,,62.1,
2016.11.13,14.4,12.1,18.1,0.5,74.8,
2016.11.14,13.2,10.2,15.8,1.5,78.5,
2016.11.15,5.2,2.5,10.2,,44.3,
2016.11.16,5.2,0,12,,44.3,
2016.11.17,9.1,4,16.5,,56.4,
2016.11.18,10.3,4.9,14.6,0,58.4,
2016.11.19,13,9.9,18.6,0,71.1,
2016.11.20,9.8,6.4,15.3,,48.6,
2016.11.21,9.5,5.1,14.6,,40.5,
2016.11.22,2,-2.1,8.4,0.2,43.3,
2016.11.23,-1.8,-4.8,3.6,,37.5,
2016.11.24,-2.5,-6.2,2.4,,37.8,
2016.11.25,1,-3.5,6,,43.9,
2016.11.26,0.9,-0.7,2.7,2.8,69.6,0.8
2016.11.27,3.3,0.5,6.6,0,81.3,
2016.11.28,1.4,-1.4,5.6,,57.9,
2016.11.29,1.7,-2.8,8.6,,40.8,
2016.11.30,6,0.7,9.8,1,59.8,
2016.12.1,4.1,-1,7,,47.6,
2016.12.2,1.6,-3.5,7.9,,48.4,
2016.12.3,4.5,-0.7,11.3,,58.8,
2016.12.4,5.5,2,9.5,,60.1,
2016.12.5,5.9,0.5,10.3,1.5,69.1,
2016.12.6,-1.1,-4.2,4.3,,38.5,
2016.12.7,1.7,-2.7,7.5,0,58.3,
2016.12.8,2.1,-3,6.1,3,70,
2016.12.9,1.4,-2.9,4.2,3,65.8,
2016.12.10,-1.6,-5.9,3.6,,47.6,
2016.12.11,-1.1,-6.1,6.4,,42.6,
2016.12.12,2.3,-3,6.3,,37.9,
2016.12.13,3.4,-0.4,8.8,,53.6,
2016.12.14,-1.4,-2.3,-0.1,0.1,68.1,
2016.12.15,-5,-7.6,-1.5,,41.8,
2016.12.16,-4.7,-9.8,0,,40.3,
2016.12.17,2.7,-2.7,8,0,60.1,
2016.12.18,4.9,2.7,8.1,,68.8,
2016.12.19,7.2,4.3,12,0.1,66,
2016.12.20,7.6,4.4,13.6,,71.3,
2016.12.21,7.9,4.1,12.6,29,75.5,
2016.12.22,5.5,1.5,11,23.5,90.3,
2016.12.23,-2.5,-4.4,1.5,0.1,71.1,
2016.12.24,-2.4,-4.3,1.1,,66,
2016.12.25,1,-4.5,6.4,,69.5,
2016.12.26,2.5,1.3,4.4,0,73.8,
2016.12.27,-2.3,-6.3,1.3,0.5,54.6,0.5
2016.12.28,-3.7,-8.4,2.6,,49,
2016.12.29,-4.2,-7.2,-1.1,0.3,53.1,1
2016.12.30,-3.9,-9.1,1,,50.9,
2016.12.31,0.7,-3.6,5.7,0,65.4,
2017.1.1,2.7,-1.6,6.9,,75.9,
2017.1.2,5,1.8,9.2,0.3,77.8,
2017.1.3,2,-2.3,7.7,,61.8,
2017.1.4,3.9,1,8.9,,55,
2017.1.5,3.8,-0.1,7.3,,52.3,
2017.1.6,5.4,2.5,11.4,,58.5,
2017.1.7,4.6,0,10.5,,64.9,
2017.1.8,6.5,4,10.9,0,61.4,
2017.1.9,1.5,-3.1,4.3,0,60.8,
2017.1.10,-3.7,-7.4,1.1,,45.1,
2017.1.11,-3.8,-9.4,1.5,,36.4,
2017.1.12,-2.2,-6.1,1,0,43.1,0.1
2017.1.13,-6,-8.6,-1.4,0.6,47.4,1.5
2017.1.14,-8.4,-10.5,-5.4,,33.3,
2017.1.15,-6.6,-11.5,-0.9,,35.3,
2017.1.16,-3.8,-8.9,4,,37.6,
2017.1.17,-2,-7.1,3.4,,46.6,
2017.1.18,-0.5,-3,2.8,0,68.9,
2017.1.19,-1.2,-4.9,4.7,,55.4,
2017.1.20,-4.4,-7.8,-1.4,4,70.3,6.6
2017.1.21,-5.2,-10,-0.9,2.1,78.1,3.2
2017.1.22,-8.3,-10.9,-3.3,0,51.3,
2017.1.23,-8.9,-12.6,-4.1,,48.4,
2017.1.24,-7,-11.6,-1.3,,49.6,
2017.1.25,-5.2,-10.2,0.9,,50.6,
2017.1.26,-1.3,-7.9,3.4,0.3,64.4,
2017.1.27,-2.6,-5.7,3.1,3,47.3,
2017.1.28,-1.6,-8.2,4.3,,38,
2017.1.29,0.8,-0.9,2.5,4.5,71.1,2.1
2017.1.30,-4.8,-7.9,-0.9,0.1,61.4,0.1
2017.1.31,-5.4,-9.9,0.2,,44.8,
2017.2.1,-4,-7.5,0.7,,44.5,
2017.2.2,-2.7,-9.2,3.3,,52.9,
2017.2.3,1.5,-2.3,6.7,,65.4,
2017.2.4,0.9,-2.9,3.2,,69.4,
2017.2.5,1.2,-1.5,2.3,0.5,75.3,
2017.2.6,-1.7,-4.4,2.6,,51,
2017.2.7,-2,-5.6,3,,45.4,
2017.2.8,-2.2,-4.9,0.6,,50.1,
2017.2.9,-5.3,-7.1,-2.1,,47,
2017.2.10,-6.6,-9.3,-2.5,,44.3,
2017.2.11,-4.8,-9.2,0.8,,45.4,
2017.2.12,-2.2,-7.4,4.2,,51.3,
2017.2.13,0.1,-5.4,6.1,,59.6,
2017.2.14,0.3,-4,6.5,,46,
2017.2.15,1.8,-3.9,8,,52.1,
2017.2.16,5.5,-1.9,10.3,0,63.9,
2017.2.17,0.8,-5.2,9,4,56.9,
2017.2.18,-2.6,-7,2.9,,49.4,
2017.2.19,2.3,-3.4,5.7,1,68,
2017.2.20,-1.5,-5.2,5.4,0.5,53.8,
2017.2.21,-0.6,-7.6,6.9,,37.1,
2017.2.22,1.7,-0.9,2.9,5.1,70.8,
2017.2.23,-1.5,-4.2,2.1,,56.4,
2017.2.24,-0.8,-5.8,4.4,,51.3,
2017.2.25,2.6,-2.8,8.4,,63.6,
2017.2.26,3.6,-1.5,10.1,,52.8,
2017.2.27,3.7,-1.8,10.7,,37.4,
2017.2.28,5.6,-1.3,12.3,,41.5,
2017.3.1,5,2,11.4,5,65,
2017.3.2,1.8,-1.1,6.6,0.5,59.5,
2017.3.3,3.3,-3.1,10.4,,54.4,
2017.3.4,5.7,0.1,12.7,,60,
2017.3.5,5.2,1.2,10.4,0.5,71.6,
2017.3.6,0.1,-2.8,4,,41.3,
2017.3.7,-1.3,-4,2.9,0,37.5,
2017.3.8,-0.1,-5.3,5,0,50.6,
2017.3.9,3.2,-2.7,10.7,,47.3,
2017.3.10,4.8,-1.2,12.2,,37.4,
2017.3.11,7.3,-0.2,16.7,,37.4,
2017.3.12,8.2,4.4,14,0,58.4,
2017.3.13,6.9,1.5,12.2,,49.8,
2017.3.14,5.8,1,10.9,,37.5,
2017.3.15,6.3,0.4,13.3,,34.9,
2017.3.16,6.2,1,13.4,,41.8,
2017.3.17,7.7,1.2,15.7,,43.1,
2017.3.18,9.5,5.9,16.1,,34.1,
2017.3.19,10.9,3.2,18.9,,36,
2017.3.20,10.2,6,15.5,,40.4,
2017.3.21,7.4,4.3,12.6,,48.1,
2017.3.22,7.6,1.9,14.1,,32.8,
2017.3.23,9.1,5.1,15,,34,
2017.3.24,8.7,3.9,15.2,,41.4,
2017.3.25,8.1,5,12.6,,41.1,
2017.3.26,7.3,4.8,11.6,,53.1,
2017.3.27,6.1,4.4,10.9,0.4,67.4,
2017.3.28,7.1,2.5,12.7,,59.8,
2017.3.29,8.8,4.7,14.4,,54.9,
2017.3.30,10.6,4.1,17.1,,50,
2017.3.31,8.6,4.9,12.4,1.5,70.6,
2017.4.1,9,4.8,15.1,1,60.5,
2017.4.2,9,3.1,15.8,,53.1,
2017.4.3,11.4,4.3,19.2,,45.6,
2017.4.4,14.1,6.7,21.8,,35.3,
2017.4.5,12,10.8,14.2,37.5,66,
2017.4.6,10.4,9.4,12.4,3,90,
2017.4.7,14.5,9,23.5,,68.1,
2017.4.8,13,8.6,19.9,0.5,74.5,
2017.4.9,14.8,10.6,20.5,0.5,59.6,
2017.4.10,16.5,10.1,23.3,,25.8,
2017.4.11,15.3,11.5,20.2,,36.8,
2017.4.12,11.5,8.8,16.4,,21.8,
2017.4.13,12.7,6.3,19.6,0,54,
2017.4.14,13,10.1,17.7,6,57.9,
2017.4.15,16.8,10.9,24.3,,59.4,
2017.4.16,18.7,12.9,24.4,,52.9,
2017.4.17,14.7,11.2,18,5.5,66.5,
2017.4.18,11.7,9.4,17.4,7.5,76.5,
2017.4.19,12.6,7,18.4,,43.1,
2017.4.20,12.9,9.9,18.2,0.1,45.4,
2017.4.21,13.1,7.6,19.3,,56.5,
2017.4.22,14.8,8.5,22.5,,48.4,
2017.4.23,14.9,8.9,21.7,,40,
2017.4.24,15.1,8.3,21.3,,39.4,
2017.4.25,16,12.9,20.4,,56.8,
2017.4.26,15.1,10.5,20.2,,36,
2017.4.27,13.6,7.9,19.8,,41.8,
2017.4.28,14.4,8.9,21.5,,57.3,
2017.4.29,17.1,9.6,23.7,,44.3,
2017.4.30,19.3,13.7,27.8,,57.9,
2017.5.1,20.1,12.8,28.3,,50.8,
2017.5.2,20.7,15.2,28,,42,
2017.5.3,21.5,14.5,30.2,,34.1,
2017.5.4,21,14.8,27.5,,43.6,
2017.5.5,20.9,15.5,27,,53.4,
2017.5.6,14.9,10,19.3,,32,
2017.5.7,16.6,10.9,22.8,,42.6,
2017.5.8,17.9,11.1,23.5,,43.6,
2017.5.9,17.1,15.3,22.6,2.5,62.6,
2017.5.10,16.4,14.2,20.8,2.5,73,
2017.5.11,19.3,13.1,24.8,0,65.3,
2017.5.12,19.1,16.8,21.1,,71.6,
2017.5.13,16.4,12.4,22.6,6,77.8,
2017.5.14,15.7,11,20.7,,58.3,
2017.5.15,16,12.3,20.1,0,61.4,
2017.5.16,17.1,13.3,22.3,,60.5,
2017.5.17,18.6,12.3,25.9,,51.5,
2017.5.18,20.4,13.9,26.9,,41.9,
2017.5.19,21.1,15.1,27.9,,42.6,
2017.5.20,20.9,15.4,27.3,,44,
2017.5.21,21.5,16,27.6,,48.1,
2017.5.22,21.8,15.9,28,,53.6,
2017.5.23,20,17.2,24.4,5,68,
2017.5.24,21.8,16.9,27.8,0.1,60.4,
2017.5.25,19.2,14.4,24.4,,45.6,
2017.5.26,17.7,12.4,23.2,,41.5,
2017.5.27,19.5,13.7,26.4,,46.1,
2017.5.28,21.2,14.4,27.9,,50.6,
2017.5.29,22.9,18.1,29.3,,61.8,
2017.5.30,23.6,18.6,30.3,,43.5,
2017.5.31,23.3,17.7,29.6,,49.1,
2017.6.1,23.3,20,27,,51.8,
2017.6.2,20.5,15.5,25.6,0,37.4,
2017.6.3,20.5,16.1,26.5,,44,
2017.6.4,21.7,15.1,28.1,,36.9,
2017.6.5,24.2,16.4,30.3,0,33.3,
2017.6.6,19.4,14.5,23.9,15.5,60,
2017.6.7,17.6,15.1,19.2,12.5,91.4,
2017.6.8,20.1,15.1,25.9,,67.3,
2017.6.9,21.2,17.9,25.7,0.1,69.8,
2017.6.10,21.5,16.7,27.5,4.5,46.8,
2017.6.11,22.8,14.8,29.6,,33.8,
2017.6.12,22.1,17,28,,45.5,
2017.6.13,21.5,18.3,25.9,0,63,
2017.6.14,21.8,17.8,26.8,,63,
2017.6.15,23.1,18,29.6,,62.4,
2017.6.16,25.5,20,32.7,,55.8,
2017.6.17,24.2,20.6,29.9,,52.3,
2017.6.18,24.3,18.6,31.8,,52,
2017.6.19,24.8,19.5,30.2,,50.9,
2017.6.20,26,20,32.7,0,43.4,
2017.6.21,25.4,21.7,31.6,0,52.6,
2017.6.22,25.3,21.2,30.4,,57.3,
2017.6.23,26.7,21.3,34.1,,53,
2017.6.24,24.5,21.5,27.8,3.5,60.4,
2017.6.25,23.8,21,28.4,1.5,75.4,
2017.6.26,23.1,20.1,29.9,29,76.9,
2017.6.27,25.2,20.8,30.5,0,67.5,
2017.6.28,26,22.5,30.5,,63.5,
2017.6.29,26.2,21.9,31.5,,64.8,
2017.6.30,25.9,22.2,30.9,,65.9,
2017.7.1,25.3,22.4,30.7,0.5,73.6,
2017.7.2,24.3,21.9,26.8,92,90.5,
2017.7.3,24.7,21.9,27.4,67.5,87.6,
2017.7.4,26.7,23.8,31.6,0.5,74.5,
2017.7.5,27.4,23.3,32.6,,66.9,
2017.7.6,27.6,23.9,34.6,34,72.3,
2017.7.7,26.4,24.4,28.4,16.5,80.8,
2017.7.8,26,24.6,27.6,4.5,83.3,
2017.7.9,26.3,23.8,30.3,32.5,88,
2017.7.10,24,22.6,25.4,144.5,96.5,
2017.7.11,26,22.2,30.9,1,81.4,
2017.7.12,27.1,24.9,31.1,0,75.9,
2017.7.13,27.6,23.1,32.1,,71,
2017.7.14,28.7,26.1,33,0,68.4,
2017.7.15,25,23.4,27.3,42.5,89,
2017.7.16,26.2,23.4,28.8,22.5,83.4,
2017.7.17,26.8,24,29,7.5,77.3,
2017.7.18,26.5,23.9,30.7,2.5,80.6,
2017.7.19,28.3,24.5,34.1,,71.4,
2017.7.20,29.9,26,34.9,,66.1,
2017.7.21,29.8,27.3,32.4,,73.1,
2017.7.22,29.3,27.5,32.5,0.5,75.8,
2017.7.23,27,26.1,28.1,133.5,89.5,
2017.7.24,26.2,25.6,27.3,3,82.3,
2017.7.25,29.4,24.6,35.4,,64.1,
2017.7.26,28.7,24.2,32.8,,55.6,
2017.7.27,27.1,24.9,29.7,3.5,62.5,
2017.7.28,25.5,24.8,26.9,8.5,92.1,
2017.7.29,27.2,25,30.1,0,72.3,
2017.7.30,27.9,24.7,32.6,,64.4,
2017.7.31,25.7,24.8,27.1,3.5,82.3,
2017.8.1,28.6,24.1,33,2,73,
2017.8.2,30,26.6,33,,71.9,
2017.8.3,30.2,27.2,33.9,,60.6,
2017.8.4,30.3,25.9,35.3,,60.1,
2017.8.5,31.4,27.6,34.8,0,63,
2017.8.6,29.8,28.2,34,5,71.9,
2017.8.7,29.2,26.4,34.4,,68.1,
2017.8.8,28.2,25.5,31,,67.1,
2017.8.9,27.6,24.6,32,2.5,66.4,
2017.8.10,24.8,23.9,26.3,5.5,89.9,
2017.8.11,27,23.9,32.4,0.5,72.5,
2017.8.12,27.8,23.2,32.6,,60.3,
2017.8.13,26.3,24.2,28.4,0,62.1,
2017.8.14,24.6,23.1,27.1,1.5,67.5,
2017.8.15,21.9,20.8,24,93.5,93.8,
2017.8.16,23.3,20.5,26.8,2,80.5,
2017.8.17,24.8,21.2,27.7,0.5,77.1,
2017.8.18,26.3,23.9,30.6,0,75.6,
2017.8.19,26.1,23.1,28.7,0,75.8,
2017.8.20,23.2,22,25.8,124.5,95.6,
2017.8.21,25.8,23.7,29.2,5,81.5,
2017.8.22,27.3,23.4,31.5,,70.6,
2017.8.23,27.2,24.6,30.2,31.5,84.1,
2017.8.24,26.5,23.9,28.1,14,85.3,
2017.8.25,25.3,22.2,30.6,,61.9,
2017.8.26,24.2,19,29.2,,54.5,
2017.8.27,22.7,19,26.7,0,62,
2017.8.28,21.5,18.3,26.5,9,73.1,
2017.8.29,19.5,17,24,,51.4,
2017.8.30,19.8,16.1,23.9,,55.8,
2017.8.31,22.2,16.6,27.6,,62.4,
2017.9.1,23.3,17.1,29.7,,56,
2017.9.2,23.8,18.6,29.6,,59,
2017.9.3,23.7,19,29.2,,64,
2017.9.4,24.6,19.7,30.1,,53.8,
2017.9.5,21.9,20.4,23.7,0,62.4,
2017.9.6,20.6,18.5,24,2,75.5,
2017.9.7,22.4,17.8,27.5,,73.3,
2017.9.8,24.3,20.4,29.9,,67.5,
2017.9.9,23.8,19.2,28.2,,70.1,
2017.9.10,23,19.9,26.1,0.5,74.3,
2017.9.11,21.2,18.6,24.6,24,79.8,
2017.9.12,22.1,17.7,27.9,,58.6,
2017.9.13,21.4,15.9,27.5,,49.3,
2017.9.14,22.4,14.8,29.5,,48.8,
2017.9.15,22.6,17.8,27.9,,48.4,
2017.9.16,22,16.7,27.6,,50.9,
2017.9.17,23.1,19,29.2,,51.3,
2017.9.18,21.9,16.4,27.6,,62.8,
2017.9.19,22.6,20.1,25.8,8,79.1,
2017.9.20,19.5,14.1,24.9,,48.9,
2017.9.21,20.3,14.2,27,,57.3,
2017.9.22,20.6,15.4,26.8,,60.8,
2017.9.23,21.8,17.6,27.3,0,69.8,
2017.9.24,22.4,18.8,27.9,0,71.5,
2017.9.25,23.4,17.4,30.1,,58,
2017.9.26,25.1,19.4,31.4,0,57,
2017.9.27,22.7,19.9,27.3,0.5,66.4,
2017.9.28,19.2,14.2,25.3,,49.1,
2017.9.29,17.4,11.2,23.5,,39.3,
2017.9.30,20,14.7,25.9,,64.9,
2017.10.1,18.2,15.5,21.2,4,74.8,
2017.10.2,22,15.6,29.4,1.5,62.3,
2017.10.3,17.6,13.4,23.6,,49.8,
2017.10.4,16.7,10.7,24.3,,48.5,
2017.10.5,18.7,13.9,23.4,,56.4,
2017.10.6,18.9,16.2,23.3,0.5,66.4,
2017.10.7,21.9,16.9,28.8,0,67.6,
2017.10.8,23,19.3,28.7,,66.9,
2017.10.9,22.5,19.8,27.6,0,66,
2017.10.10,21.4,18.6,24.8,0.4,76.9,
2017.10.11,15.5,12.2,21.7,20,77.1,
2017.10.12,11.4,8.8,,,71,
2017.10.13,12.8,6.1,18.9,,51,
2017.10.14,14.4,9,20.5,,42.8,
2017.10.15,15.8,9,23,,42.5,
2017.10.16,16.6,13.6,22,,47.6,
2017.10.17,16.2,9.2,23.9,,47.1,
2017.10.18,16.5,14.2,19.1,0.1,58.8,
2017.10.19,17,11.9,23.2,,58.3,
2017.10.20,17,11.1,24.2,,58.6,
2017.10.21,17.6,11,25.2,,52.8,
2017.10.22,16.3,11,23.5,,50.4,
2017.10.23,13.7,8.6,20.6,,47,
2017.10.24,14.4,9.9,20.9,,54.3,
2017.10.25,14.4,9.5,20.6,,59,
2017.10.26,14.5,10.7,18.1,,56.5,
2017.10.27,16.9,11.9,24.2,,54.4,
2017.10.28,17.2,10.6,24.8,,51.9,
2017.10.29,11.5,6.3,17.2,,45.6,
2017.10.30,7.7,2.5,13.2,,27.4,
2017.10.31,10.4,3.6,16,,54.3,
2017.11.1,14.4,11.5,18.1,,72.4,
2017.11.2,15.5,14,18,1,78.8,
2017.11.3,12.3,6.1,16.6,1.5,66,
2017.11.4,7.8,4.5,13.7,,47.9,
2017.11.5,8.4,2.6,15.4,,52.5,
2017.11.6,11.4,8,16.5,,64.5,
2017.11.7,14.4,9.2,18.4,0,61.4,
2017.11.8,13.1,6.9,17.2,0,53.3,
2017.11.9,9.4,3.7,16.8,,39.6,
2017.11.10,9.8,5.3,15.9,7.5,56.3,
2017.11.11,5.9,2.7,10.7,,42.9,
2017.11.12,5.3,0.3,11.4,,57.1,
2017.11.13,8.4,3.1,11.8,4.5,64.4,
2017.11.14,7.5,2.9,11.4,,42.5,
2017.11.15,3.2,-1.1,6.5,,38.3,
2017.11.16,1,-3.4,6.4,,30.3,
2017.11.17,3,-1.6,5.8,0,39.4,
2017.11.18,-2.1,-4.8,2.6,,38.5,
2017.11.19,-1.6,-6.6,3.5,,37.8,
2017.11.20,-0.4,-3.9,4.2,0,55.3,
2017.11.21,1.3,-4.2,8.1,,55.6,
2017.11.22,4.3,0.6,10.8,0.5,54.8,
2017.11.23,0.9,-2.5,4.7,1.2,49.3,1.5
2017.11.24,-0.4,-2.5,2.9,0,62.5,
2017.11.25,3,-3.3,7.3,24,77.6,
2017.11.26,3.3,-0.3,7.6,,71.6,
2017.11.27,2.5,-2.9,9.5,,53,
2017.11.28,6.4,1.3,11.2,0.5,64.1,
2017.11.29,3.2,-1.8,8.1,0,48.3,
2017.11.30,-2.4,-5.2,2.7,,26.8,
2017.12.1,-2.2,-7.6,3.1,0,49.4,
2017.12.2,1.9,-4.6,8.1,,59.9,
2017.12.3,4.9,3.1,8.1,4,83.1,
2017.12.4,-1.2,-6.1,4.5,0.1,48.1,
2017.12.5,-4.2,-8.2,-0.4,0.1,40.1,0.1
2017.12.6,0.2,-4.5,6,1.2,72.6,1
2017.12.7,0.7,-3.5,4.6,,64.5,
2017.12.8,-3.8,-7.1,-0.5,,41.3,
2017.12.9,-0.5,-5.6,5.4,,46.1,
2017.12.10,1.1,-2.5,6.7,4.1,67.9,4.3
2017.12.11,-7,-11,-2.5,,40.5,
2017.12.12,-9.4,-12.3,-5.2,,41.9,
2017.12.13,-8.7,-12,-4.4,,42,
2017.12.14,-6.6,-11.2,-1.9,,42.9,
2017.12.15,-3,-7.5,0.9,0,52.6,
2017.12.16,-5.7,-8.1,-2.6,,43.1,
2017.12.17,-6.7,-10.8,-2.3,,38.1,
2017.12.18,-1.6,-5.9,3.3,3.4,80,5.1
2017.12.19,-3.9,-6.5,-1,,49.4,
2017.12.20,-3.9,-8.5,-0.1,0.2,68,0.8
2017.12.21,-0.9,-5.6,4.6,,71.4,
2017.12.22,3.4,-1.9,6.6,,66.6,
2017.12.23,6.1,5,8.7,,75.8,
2017.12.24,2.9,-0.6,5.7,20,82,
2017.12.25,-2.1,-4.9,0.6,,43.1,
2017.12.26,-3.8,-7.9,-1.1,,41.8,
2017.12.27,-6.9,-10.3,-2.6,,31.4,
2017.12.28,-2.1,-6.8,0.8,0,47,
2017.12.29,2.1,-0.4,6,0,67,
2017.12.30,1.4,-1.2,4.5,0.7,79.5,0.2
2017.12.31,-0.3,-3.2,3.3,1,54.4,1
2018.1.1,-1.3,-5.1,3.8,,39.1,
2018.1.2,-1.8,-4.3,1.8,,42,
2018.1.3,-4.7,-7.1,-0.4,,42.3,
2018.1.4,-4.7,-8.7,-0.7,,43,
2018.1.5,-3,-5.6,1.6,,48.4,
2018.1.6,-2.8,-6.8,2.9,,45.8,
2018.1.7,-0.8,-5.7,2.8,,42.1,
2018.1.8,1.3,-1.2,4,0.9,51.9,1
2018.1.9,-4.2,-6.1,-1.2,0.5,59.4,0.5
2018.1.10,-7.5,-10.3,-4.8,0.3,52,0.3
2018.1.11,-11.1,-13.6,-7.4,,49.8,
2018.1.12,-10.2,-15.3,-5.4,0,35.4,
2018.1.13,-4.4,-6.6,-1.2,0.4,67.3,0.6
2018.1.14,0.6,-4.4,5.4,,64.1,
2018.1.15,4.7,1.8,7.7,0.2,63.9,
2018.1.16,3.5,0.1,6.8,0,59.1,
2018.1.17,4.5,2.4,8.7,,64.1,
2018.1.18,2.1,0.3,4.5,0,59.6,
2018.1.19,1,-2.5,5.5,,43,
2018.1.20,2.2,-1,6.9,,57.6,
2018.1.21,0.4,-3.7,5.5,,36.6,
2018.1.22,0.2,-5.3,4,3.3,56.5,1
2018.1.23,-11.7,-14.6,-5.3,,42,
2018.1.24,-14.2,-16.3,-10.7,,31.6,
2018.1.25,-14,-16.4,-9.5,,32.6,
2018.1.26,-14.8,-17.8,-10.7,,34.9,
2018.1.27,-9.9,-15.9,-3.5,,37.4,
2018.1.28,-6.3,-9.3,-1.2,,36,
2018.1.29,-8.5,-11.6,-4.7,,35,
2018.1.30,-5.3,-11.4,-0.8,2.9,62,3.5
2018.1.31,-2.6,-5.2,0,0,54.5,
2018.2.1,-4,-8.8,1.2,,44.1,
2018.2.2,-2.4,-7.6,3.8,,51.1,
2018.2.3,-7.3,-10.4,-2.1,0.5,47,0.3
2018.2.4,-9.5,-12.8,-5.2,,40.9,
2018.2.5,-9.4,-11.8,-5.1,,37.8,
2018.2.6,-10.1,-12.8,-5.8,,36.5,
2018.2.7,-8,-13.4,-1.6,,39.8,
2018.2.8,-4.4,-9.7,2,,43.3,
2018.2.9,0.4,-5.3,6.1,,43.9,
2018.2.10,-0.5,-6.9,3.2,,47.4,
2018.2.11,-6.1,-9.5,-2.2,0,42.5,
2018.2.12,-5.8,-9.6,-1.8,0,40.8,
2018.2.13,-0.8,-7.4,4.3,,54.5,
2018.2.14,3.5,-0.7,8.7,,51,
2018.2.15,-0.7,-3.7,4,,28,
2018.2.16,-1.1,-5.5,4.9,,40.1,
2018.2.17,-3,-7.1,1.4,,25.6,
2018.2.18,-0.4,-4.9,5.2,,26.9,
2018.2.19,1.8,-1.9,6.8,,48.6,
2018.2.20,0.9,-2.4,5.5,,41,
2018.2.21,-0.9,-4.5,4.4,,31.5,
2018.2.22,1.3,-3.9,5.4,0.4,59,0.4
2018.2.23,4.2,-0.3,8.6,3.7,81.1,3.7
2018.2.24,2.4,-1.1,7.2,,49.4,
2018.2.25,1.9,-1.6,7.9,,40.6,
2018.2.26,3.1,-3.2,10.4,,43.1,
2018.2.27,4.2,0.6,6.9,,48.8,
2018.2.28,4.6,1.8,7.8,25,73.3,
2018.3.1,-0.2,-4.3,3,0.5,61.9,
2018.3.2,-0.7,-6.7,5.4,,34,
2018.3.3,7.9,-0.1,16.2,0,38.1,
2018.3.4,9.8,7.6,11.9,11.5,89.1,
2018.3.5,5.5,1.3,11.4,3.5,67.5,
2018.3.6,4.5,-1.1,10.9,,46.8,
2018.3.7,6.4,2.2,10.7,0.5,54,
2018.3.8,4.6,2.7,9.7,4,76,
2018.3.9,4.5,1.4,9.6,,63.3,
2018.3.10,4.6,0.7,9.7,,65.8,
2018.3.11,6.4,2.7,12.2,,51.3,
2018.3.12,8,2.2,15.5,,45.8,
2018.3.13,12.4,5.2,18.8,,60.5,
2018.3.14,17,13.6,22.1,,58.8,
2018.3.15,12.4,8.4,16.6,27,92.1,
2018.3.16,7.1,3.6,12.2,,46.9,
2018.3.17,6.6,0.5,14,,48,
2018.3.18,8.2,5.4,12.5,0.5,55.9,
2018.3.19,8,6.2,10.4,1,64.5,
2018.3.20,4.7,1.6,9.1,,39.9,
2018.3.21,2.1,1.1,5.3,1,64.1,
2018.3.22,4.9,0.6,11.6,,61.5,
2018.3.23,6.1,1.8,12.5,,55.3,
2018.3.24,7.6,4,13.1,,61.9,
2018.3.25,9.6,4.6,16.9,,65.6,
2018.3.26,11,5.3,18.1,,64.5,
2018.3.27,13.3,7.7,20,,61.1,
2018.3.28,14,9.4,19,,66.4,
2018.3.29,15.4,11.8,21.1,,66.3,
2018.3.30,14.8,9.8,21.9,,55.6,
2018.3.31,14,9.3,20.1,,52.9,
2018.4.1,15.6,11.7,18.5,,68.8,
2018.4.2,18.4,14.9,23.7,,64,
2018.4.3,17.8,14.9,21.2,0.1,72.9,
2018.4.4,13.4,9.5,18.2,18.5,67,
2018.4.5,7.6,6.7,9.5,10.5,90.6,
2018.4.6,5.8,3,8.6,6.5,71.6,
2018.4.7,4.2,1.4,8.6,0.2,45.5,
2018.4.8,3.9,0.6,7.9,3,59.6,
2018.4.9,7.9,0.1,15.4,,57.9,
2018.4.10,15.1,6.9,21.9,5,51,
2018.4.11,12.6,8.7,17.3,,49.4,
2018.4.12,13.3,6.8,19.6,,30.5,
2018.4.13,14.6,8.3,19.3,,22.9,
2018.4.14,9,7.5,14.8,9,78.8,
2018.4.15,9.5,5.6,14.2,,65.5,
2018.4.16,11.6,4.9,18.8,,41.9,
2018.4.17,12.9,6.8,20.1,,37.9,
2018.4.18,12.4,6.2,19.3,,35.4,
2018.4.19,14,7.4,20.5,,38.8,
2018.4.20,18.4,11,26.3,,46,
2018.4.21,18.7,12.3,25.6,,32,
2018.4.22,15.5,10.7,21,15.5,57.4,
2018.4.23,9.3,8.4,10.7,59,93.9,
2018.4.24,12.1,8.9,16.1,3,63.3,
2018.4.25,14.6,5.7,23.3,,37.8,
2018.4.26,14.9,10,22.1,,51.9,
2018.4.27,15.7,9.7,23.3,,52.9,
2018.4.28,15.4,10.5,21.7,,49,
2018.4.29,16.2,9.4,22.9,,43.1,
2018.4.30,19.2,14.1,25,,61.6,
2018.5.1,20.4,17.8,23.3,0,72.8,
2018.5.2,15.1,8.7,19.7,12,90.4,
2018.5.3,11.2,6.9,14.7,1,62.4,
2018.5.4,14.1,8.8,20,,45.5,
2018.5.5,18.3,11.6,24.6,,46.8,
2018.5.6,16.6,15,20.7,22,86.4,
2018.5.7,19.2,14,25.5,,60.3,
2018.5.8,17.5,11.6,22.9,,50.9,
2018.5.9,15.7,9.2,21.8,,50.4,
2018.5.10,15.4,11.3,21.4,,67.4,
2018.5.11,16.1,11.9,21.3,,59.8,
2018.5.12,14.2,11.8,16.1,32,89.3,
2018.5.13,15.8,12.7,20,0.5,82.5,
2018.5.14,18.2,11.9,24.5,,71.4,
2018.5.15,23.2,15.4,29.3,0,56.4,
2018.5.16,22.3,21.8,24.4,45,93.8,
2018.5.17,20.9,18.8,23.5,83,97,
2018.5.18,16.3,12.2,19.3,6.5,86.8,
2018.5.19,17.6,10.3,24.7,,47.5,
2018.5.20,17,11.5,22.6,,32.1,
2018.5.21,17.8,11.3,23.7,,43.9,
2018.5.22,18.1,15.4,23.2,12.5,75.5,
2018.5.23,17.3,13.6,23.3,6.5,57.1,
2018.5.24,18.3,11.2,23.7,,47.4,
2018.5.25,19.7,13.8,26.2,,47.4,
2018.5.26,21.8,14,29.6,,50.1,
2018.5.27,20.3,17.3,24.7,,47.4,
2018.5.28,22.3,16.2,29.1,,49.8,
2018.5.29,21.4,19.1,25.9,1,69.3,
2018.5.30,20.2,15.8,24.7,0,69.8,
2018.5.31,20.9,14.2,27.6,,58.9,
2018.6.1,23.8,17.5,30.2,,50.4,
2018.6.2,23.4,17.6,30.1,,44.5,
2018.6.3,24,16.9,30.8,,39.4,
2018.6.4,22.6,18.9,27.5,,50.1,
2018.6.5,23.7,17.7,29.2,,52.5,
2018.6.6,23,18.4,27.9,,62.9,
2018.6.7,22.2,17.8,29.4,,69.3,
2018.6.8,21.9,18.5,27,,68,
2018.6.9,23.7,18.9,30.1,0.5,60.6,
2018.6.10,21.3,18.3,24.9,0.5,59.9,
2018.6.11,20.2,18,23.9,5,67.3,
2018.6.12,21.3,16.6,27.1,0,65.5,
2018.6.13,22,18.3,27,0,64,
2018.6.14,21.6,18.8,25.1,29,74.9,
2018.6.15,21.7,17.2,27,16.5,60.8,
2018.6.16,22.5,16.3,28.7,,56.4,
2018.6.17,22.8,18.9,27.5,,66.9,
2018.6.18,24.8,19.9,30.8,,54.9,
2018.6.19,22.4,19.1,27.2,,61.3,
2018.6.20,22.7,19.1,28.4,,68.1,
2018.6.21,23.7,19.4,28.7,,60.1,
2018.6.22,25,18.2,32,,45.1,
2018.6.23,24.5,20.9,28.9,,50.6,
2018.6.24,25.2,20.1,32.1,,62.8,
2018.6.25,27.1,21.3,32.9,,57.1,
2018.6.26,22.3,20.2,26.9,71.5,88.3,
2018.6.27,22.3,19.1,25.5,1,81.9,
2018.6.28,23.3,20.6,27.3,26.5,85.1,
2018.6.29,24.7,21.9,29.1,6.5,78.5,
2018.6.30,24.4,21.6,27.9,14.5,83.8,
2018.7.1,21.9,21,22.8,83.5,94.6,
2018.7.2,22.6,20.6,25.3,59.5,95.4,
2018.7.3,27.4,22.5,32.6,0.1,74.4,
2018.7.4,27.3,24,31.8,,69.6,
2018.7.5,25.3,23.4,29,0.5,72.8,
2018.7.6,23.9,21.5,27.1,,57.8,
2018.7.7,23.7,19.5,29.2,,51.4,
2018.7.8,23.3,17.7,28.1,,51.5,
2018.7.9,20.8,20.1,24.2,14,82.3,
2018.7.10,23.7,20.4,26.5,16.5,87.8,
2018.7.11,26.8,24.4,29.5,3,82.9,
2018.7.12,26.6,25.1,28.2,1,82.4,
2018.7.13,27.3,24.7,30.9,,74.8,
2018.7.14,27.9,24.6,31.9,0,69.6,
2018.7.15,28.3,24.5,33.2,,69.6,
2018.7.16,28.7,24,34,,64.3,
2018.7.17,28.1,23.9,32.1,,66.5,
2018.7.18,28.2,23.7,33.2,,64.8,
2018.7.19,28.7,23.2,34.1,,64.1,
2018.7.20,29.5,24.6,34.7,,62.6,
2018.7.21,30.6,24.9,36.9,,53.6,
2018.7.22,31.8,25.3,38,,49.6,
2018.7.23,31.7,29.2,35.7,,53.8,
2018.7.24,31.4,27.2,36.8,,59.5,
2018.7.25,30.1,27.7,34.1,,66.3,
2018.7.26,30.1,27.3,33.7,,68.8,
2018.7.27,30.9,27.2,35.4,,69.3,
2018.7.28,29.5,28,35.2,7.5,77.1,
2018.7.29,31.3,26.4,36.7,,52.4,
2018.7.30,31.7,26.2,36.9,,50.9,
2018.7.31,32.6,27.8,38.3,,50.5,
2018.8.1,33.6,27.8,39.6,,55.5,
2018.8.2,33.7,30.3,37.9,,54.4,
2018.8.3,33.1,30,37.9,,55.3,
2018.8.4,31.1,28,34.9,,60.6,
2018.8.5,30,27.2,33.9,2,71.8,
2018.8.6,30.5,28.3,35.3,6.5,71.6,
2018.8.7,30.5,26.8,35.9,,63.4,
2018.8.8,31,27.6,35.3,,64.8,
2018.8.9,28.8,27.1,32.5,2,76.3,
2018.8.10,30.7,25.7,36.8,,60.9,
2018.8.11,31,26.4,36,,55.8,
2018.8.12,30.6,27.2,35.3,5,61.3,
2018.8.13,30.5,26.7,34.4,1,68.6,
2018.8.14,31.7,27.7,37.2,,58.3,
2018.8.15,31.7,28.3,38,1,59.5,
2018.8.16,29.9,24.1,35.6,,51,
2018.8.17,27.2,21.7,33.8,,39.8,
2018.8.18,26.7,21.5,32.1,,44.6,
2018.8.19,28.2,23,34.4,,50.6,
2018.8.20,29.1,25.1,33.3,0,55.6,
2018.8.21,26.6,23.4,31,5,71.4,
2018.8.22,30.7,23.4,37.6,,54.1,
2018.8.23,29.4,25.7,32.2,3,59.1,
2018.8.24,24.4,23.2,26.3,7.5,86.3,
2018.8.25,25.2,22.7,29.3,,68,
2018.8.26,23.2,20.3,29,2,70,
2018.8.27,22.7,20.2,24.9,19.5,91,
2018.8.28,23.7,22.5,26.1,96.5,92.4,
2018.8.29,25.2,22.7,27.4,42,86,
2018.8.30,25.3,23.9,28.2,9.5,80.9,
2018.8.31,25.6,22.8,30.3,0.1,67.4,
2018.9.1,25.5,20.8,30.9,,59.4,
2018.9.2,25.1,20.1,29.6,,55.8,
2018.9.3,23.3,21.4,25.8,34.5,85.3,
2018.9.4,23.2,20,27.8,,69.4,
2018.9.5,24,19.6,28.5,,63.5,
2018.9.6,24.1,20.9,28.2,1,69.9,
2018.9.7,22,19.1,25.5,0.5,54.6,
2018.9.8,21.7,15.9,27.7,,48.8,
2018.9.9,22.2,15.6,28.9,,49,
2018.9.10,22.9,18.6,28.4,,49.5,
2018.9.11,21.6,16.8,26.1,,48.1,
2018.9.12,22.8,16.8,28.2,,52,
2018.9.13,23.5,20.3,28.3,,63.5,
2018.9.14,23.5,20.3,26.8,0.5,66.9,
2018.9.15,23.3,21,26,0.2,76,
2018.9.16,22.2,21,23.9,2,83.6,
2018.9.17,22.3,18.5,27.7,0.1,64.3,
2018.9.18,22,17.7,26.5,,59.8,
2018.9.19,22.1,18.9,26.6,0.2,59.1,
2018.9.20,19,17.8,20.1,5,82.4,
2018.9.21,19.4,17.6,21.9,18,85.8,
2018.9.22,20.8,17.2,25.5,6.5,62.3,
2018.9.23,19.4,15.6,25.3,0,52.9,
2018.9.24,17.6,14.2,22.1,,48.3,
2018.9.25,17.8,10.8,24.3,,48,
2018.9.26,19.4,16.2,24.8,,47.9,
2018.9.27,18.9,13.2,25,,47.6,
2018.9.28,17.5,14.3,22.2,,58.1,
2018.9.29,20.2,14.6,27,,55.5,
2018.9.30,17.6,14,21.6,,52.5,
2018.10.1,15.4,13,19.7,0,55.1,
2018.10.2,15.9,10.3,22,,61.4,
2018.10.3,17.3,11.2,24.2,,58,
2018.10.4,19.3,13,25.6,,56.5,
2018.10.5,16.9,15.7,19,36.5,84.1,
2018.10.6,18,16.3,21.7,55.5,84,
2018.10.7,16.4,12.3,21.1,,53.5,
2018.10.8,14.8,9.2,20.9,,47,
2018.10.9,15.3,10.7,19.8,0,52.5,
2018.10.10,12,7.9,16.7,7,61,
2018.10.11,9.7,6.1,13.9,,51,
2018.10.12,10.9,5.2,17.4,,54,
2018.10.13,12.5,6.1,19.8,,54,
2018.10.14,13.2,6.8,20.3,,60,
2018.10.15,15.2,10.9,21,,69.9,
2018.10.16,14.5,9.9,20.3,,55.9,
2018.10.17,12.4,8.4,18.6,,53.3,
2018.10.18,12.7,7.5,19,,59.5,
2018.10.19,13.1,7.2,20.4,,54.3,
2018.10.20,13.4,6.9,21.4,,53.9,
2018.10.21,13.4,7.2,21.1,,49.5,
2018.10.22,14,8.8,20.6,,50,
2018.10.23,12.2,9.8,16.9,5,75.1,
2018.10.24,12.5,7.6,18.7,,66,
2018.10.25,13.8,7,21.2,,55.5,
2018.10.26,12.2,9.9,14.7,11,74.1,
2018.10.27,8.7,6.2,11.6,,49.6,
2018.10.28,8.3,5.2,13.5,5.5,77.1,
2018.10.29,7.2,3.4,11.7,0,57.3,
2018.10.30,6.1,0.7,11.6,0,51.3,
2018.10.31,7.4,3,12.6,0,55.4,
2018.11.1,8.4,2.5,15.2,,53.4,
2018.11.2,10.6,4,19,,54.9,
2018.11.3,11.2,5,19.1,,56,
2018.11.4,11.6,5.3,19.4,,55,
2018.11.5,11.9,6.6,18.3,,65.5,
2018.11.6,12.2,8,17.5,,70.5,
2018.11.7,12.8,10.3,15.7,2,79.5,
2018.11.8,11.8,10.5,14.7,64,93.8,
2018.11.9,12.1,9.5,15.4,1,69,
2018.11.10,11.9,8.8,17.1,0,69.1,
2018.11.11,8.1,5.4,10.9,0,67.6,
2018.11.12,8.1,3.1,15.1,,52.3,
2018.11.13,8.8,4.1,15.4,,51.6,
2018.11.14,9.8,4.8,16.6,,55.5,
2018.11.15,9.7,4.7,16.2,,55.4,
2018.11.16,8.8,4.2,14.5,,65.1,
2018.11.17,4.9,0.6,11.4,,50.8,
2018.11.18,6.1,1.9,10.7,,48.8,
2018.11.19,6.5,3.3,11.3,,50.4,
2018.11.20,6.5,0,12.7,0.2,39.9,
2018.11.21,5.8,3.1,8.2,1,57.1,
2018.11.22,2.3,-1.3,7.1,,35,
2018.11.23,1.9,-3.1,7.6,,29.6,
2018.11.24,2.6,0.3,3.8,10.9,71.1,8.8
2018.11.25,4.8,1.3,9.8,,77.8,
2018.11.26,6.3,1.6,13.6,,70.1,
2018.11.27,7.1,3.1,12.5,,65,
2018.11.28,5,2.1,11.1,,27.1,
2018.11.29,3.5,0.6,6.7,0,41.4,
2018.11.30,2.7,-1.5,8,,46.1,
2018.12.1,5.5,0.8,12.4,,42.3,
2018.12.2,8.2,2.8,11.8,,50.1,
2018.12.3,11.5,9.3,13.5,9.5,87.4,
2018.12.4,6.7,-0.3,11.8,5,74.9,
2018.12.5,0,-4.3,3.4,,39.5,
2018.12.6,2.4,-1,6.8,0,50.5,
2018.12.7,-7.3,-9.6,-1.1,,37.1,
2018.12.8,-8.3,-11.4,-4.4,,37.1,
2018.12.9,-7.2,-11.8,-2.1,,27,
2018.12.10,-2.5,-8.1,4.6,,33.3,
2018.12.11,0.2,-2.4,2.9,,44.8,
2018.12.12,-1.9,-5,2.4,,39,
2018.12.13,-2.2,-5.9,2.1,1.3,57.4,1.7
2018.12.14,-4.4,-7.8,0.6,,44.3,
2018.12.15,-2.4,-7.8,3.2,,46.8,
2018.12.16,0,-2.6,2.1,0.3,63.8,0.4
2018.12.17,1.6,-1.5,5.9,0.3,60.1,
2018.12.18,2.6,-2.8,7.4,,56.3,
2018.12.19,4,1.3,9.5,,53.4,
2018.12.20,3.4,-1.1,10.4,,45.5,
2018.12.21,5.6,0.4,9.8,,40.1,
2018.12.22,6.9,2.9,12.4,,48.9,
2018.12.23,2.4,-3.4,7.5,,43,
2018.12.24,-2.3,-5.9,3.1,,35.9,
2018.12.25,0.6,-4,5.2,,53.4,
2018.12.26,-1.5,-7.1,3,,40.8,
2018.12.27,-10.1,-12.5,-6.5,,28.3,
2018.12.28,-10.5,-14.4,-6.6,,33,
2018.12.29,-7.6,-10.5,-3,,29,
2018.12.30,-6.8,-11.3,-0.9,,35.9,
2018.12.31,-5.4,-10.5,-0.5,,39.6,
2019.1.1,-5,-8.2,-0.6,,49.5,
2019.1.2,-4.9,-8.8,0.2,,42.8,
2019.1.3,-3.5,-8.4,3.2,,38.8,
2019.1.4,-1.1,-6.2,4.1,,55.5,
2019.1.5,-2.8,-5.5,1.1,,40.3,
2019.1.6,-2.8,-6.3,2.7,,35,
2019.1.7,-1.9,-6.2,3.1,,46.4,
2019.1.8,-3.5,-7.2,0.5,,31,
2019.1.9,-4.7,-9.4,1.3,,28.8,
2019.1.10,-0.6,-4.5,3,,48.8,
2019.1.11,2.4,-0.4,7.2,,58.8,
2019.1.12,2.8,-0.6,8,,47.6,
2019.1.13,1.2,-3,7.6,,54.3,
2019.1.14,1.4,-2.4,5.3,,68.6,
2019.1.15,-1.7,-7.2,2.6,0,58.8,
2019.1.16,-5.2,-10.1,-1.1,0,45.9,
2019.1.17,-0.3,-3.2,4,0,45.8,
2019.1.18,0.6,-4.6,6.7,,44,
2019.1.19,3.6,0,8.5,,59.8,
2019.1.20,-1.4,-5.5,4,,38.5,
2019.1.21,-1.2,-6.7,4.2,0,57.8,
2019.1.22,1.7,-3.3,7.1,,62,
2019.1.23,2,-0.8,7,,48.9,
2019.1.24,0.1,-4.6,6.5,,34.9,
2019.1.25,-1.2,-3.8,2.6,,27.6,
2019.1.26,-2.5,-6.5,2.4,,30.9,
2019.1.27,-0.1,-6.6,5.1,,52.5,
2019.1.28,1.2,-2.4,4.5,0,40.4,
2019.1.29,-0.2,-5.6,7,,35.5,
2019.1.30,1.8,-2.8,6.6,,54.6,
2019.1.31,-2,-6.2,2.3,,29,
2019.2.1,-2.1,-7.4,2.8,0.3,47.6,0.2
2019.2.2,1.4,-3.2,6.1,0,60,
2019.2.3,3.3,2,4.9,16,92.9,
2019.2.4,-0.6,-3.3,3,,40.4,
2019.2.5,2.8,-3.6,10.1,,37.1,
2019.2.6,5.1,0.1,9.3,,54.9,
2019.2.7,-2.1,-8.2,6.3,0.5,45.5,
2019.2.8,-6.1,-10.2,-1.3,,31.5,
2019.2.9,-5.4,-8.6,-1.9,,30,
2019.2.10,-5,-9.1,-1.9,,31.3,
2019.2.11,-3,-7.5,2,,34.9,
2019.2.12,-0.6,-4.1,3.7,0,35.5,
2019.2.13,-2.1,-5.7,2.5,,26.6,
2019.2.14,-0.5,-5.9,6.3,,24.3,
2019.2.15,-0.8,-2.9,0.9,2.2,72.8,2.4
2019.2.16,-2.7,-5.1,1.5,0.2,59,0.3
2019.2.17,-1.8,-6.8,4.6,,47.4,
2019.2.18,0.9,-4.7,5.9,,43.5,
2019.2.19,1.4,0.2,3,4.6,80.8,3.3
2019.2.20,1.7,-0.1,4.5,0,67.8,
2019.2.21,2.4,-2.6,9,,59.4,
2019.2.22,4,-1.6,10.8,,56.1,
2019.2.23,6.8,0.5,14.5,,41,
2019.2.24,6.3,1.2,13.7,,45,
2019.2.25,4.7,1.3,10.2,,55.8,
2019.2.26,5.2,-1.5,12,,32.8,
2019.2.27,7.8,4.7,14,,31.3,
2019.2.28,6.6,2,12.8,,39.5,
2019.3.1,6.6,1.2,13,,42.3,
2019.3.2,7.8,1.3,14.7,,37.6,
2019.3.3,9.4,2.5,16.1,,36.4,
2019.3.4,9.9,5,16.3,,46.1,
2019.3.5,8.4,5.6,12.9,,66.3,
2019.3.6,8.4,5.7,12.4,,55,
2019.3.7,7,3.1,12.7,,51.1,
2019.3.8,6.1,0.6,13.4,,39.4,
2019.3.9,7.2,-0.4,14.9,,31.8,
2019.3.10,10.1,6.7,15.3,,26.4,
2019.3.11,6.6,3.5,10,0,61,
2019.3.12,3.9,-0.3,7.9,0,55.1,
2019.3.13,3.5,-0.4,8.5,0,38.5,
2019.3.14,5,-1.7,10,0,45.3,
2019.3.15,5.5,1.6,11.3,3.5,72.8,
2019.3.16,4.3,0.2,9.2,,69.9,
2019.3.17,6.3,2.6,12.4,,55.4,
2019.3.18,7.1,1.4,14.4,,43.8,
2019.3.19,10,3.4,16.7,,52,
2019.3.20,10.3,7.1,14.6,16.5,79,
2019.3.21,7.1,1.9,11.1,3.3,77.4,
2019.3.22,3.3,-0.7,8.3,,40.9,
2019.3.23,3.3,-0.4,8.2,1.7,46.9,
2019.3.24,4.3,-0.8,9.7,,45.4,
2019.3.25,7.3,2.9,11.5,,56.1,
2019.3.26,11.4,7.4,17.6,,51.1,
2019.3.27,11.6,8.9,16.2,,66.4,
2019.3.28,9.4,5.6,14.6,,49.9,
2019.3.29,9.2,5.5,15.1,,33.1,
2019.3.30,5.2,3.5,8.4,1.8,72,
2019.3.31,4.4,2.6,8.4,0,46,
2019.4.1,5.5,0.3,11.3,,39.8,
2019.4.2,6.7,1.3,13,,36.9,
2019.4.3,7.6,1.9,13.6,,36.1,
2019.4.4,9.2,3,15.7,,43,
2019.4.5,11.4,7,17.2,0,41,
2019.4.6,9.3,5.9,12.2,0.8,39.9,
2019.4.7,12.6,5.6,20.3,,43.1,
2019.4.8,11.6,7.6,17.2,,25.6,
2019.4.9,9.2,4.7,13.9,17.4,49.1,
2019.4.10,7.1,4.7,10.2,5.6,78.4,
2019.4.11,9.5,4.3,15.7,,58,
2019.4.12,11.4,5.5,18.4,,48.5,
2019.4.13,11.8,6.2,17.9,,34,
2019.4.14,9.6,6.9,13.6,1.7,45.5,
2019.4.15,11.6,3.9,18.1,,30.9,
2019.4.16,14.9,6.8,22.6,,26.3,
2019.4.17,15.3,9.1,21.8,,37.5,
2019.4.18,12.6,10.4,16.2,0,74.4,
2019.4.19,13.8,9.6,19.7,,57.5,
2019.4.20,14.3,9.7,19.1,1.2,66.9,
2019.4.21,14.8,12.2,20.2,0.3,77.8,
2019.4.22,19.3,10.7,28.2,,50.6,
2019.4.23,20.4,15.3,25.5,0,52,
2019.4.24,19.5,15.8,25.9,4.1,70.4,
2019.4.25,13.2,9.4,17.2,11.3,75.9,
2019.4.26,8.4,6.2,9.9,4.9,82.1,
2019.4.27,11.6,4.1,18.2,,52.6,
2019.4.28,12.9,9.9,16.6,0,48.8,
2019.4.29,13,8.3,17.3,,52.9,
2019.4.30,15.5,9,22.5,,52.8,
2019.5.1,16.4,11.2,22.2,,48.9,
2019.5.2,17.1,10.6,25.3,,28.5,
2019.5.3,17.9,10.1,26.1,,37.5,
2019.5.4,19.5,12,27.4,,40.4,
2019.5.5,19.2,13.6,26.5,,35.8,
2019.5.6,14.5,9.8,19.8,0,27.1,
2019.5.7,15,8.4,21.9,,33.4,
2019.5.8,15.6,10.1,21.3,,48.3,
2019.5.9,16.6,11.7,22.9,,43.3,
2019.5.10,17.8,10.3,26.8,,48,
2019.5.11,20.3,13.2,28.3,,39,
2019.5.12,21.6,14.7,28.9,,36,
2019.5.13,18.7,15.5,22.8,0,43.4,
2019.5.14,19.6,12.9,26.9,,44.5,
2019.5.15,20.7,14.8,28,,48.1,
2019.5.16,23.5,16.7,30,,43.8,
2019.5.17,23.6,17.6,28.3,,44.9,
2019.5.18,22.8,19.1,25.9,0,46.8,
2019.5.19,19.4,17.9,21.6,22,93,
2019.5.20,16.4,13,20.2,8.7,63.6,
2019.5.21,17.2,11.7,23.8,,52,
2019.5.22,19.5,12.3,26.5,,46,
2019.5.23,22.1,15,29.2,,45,
2019.5.24,24.2,16.2,33.4,,46.4,
2019.5.25,23.4,18.4,28.6,,45.6,
2019.5.26,24.5,18.6,31.1,,39,
2019.5.27,17.8,14.3,22.3,7.1,80.9,
2019.5.28,18.1,11.9,24.6,,45.9,
2019.5.29,20.3,13.3,26.5,,48.4,
2019.5.30,19.6,14.6,24.5,0,48,
2019.5.31,19.1,16.1,23.3,,49.6,
2019.6.1,18.9,14.8,23.7,,60.5,
2019.6.2,21.1,14.1,27.8,,42.1,
2019.6.3,23.1,16,29.5,,42.9,
2019.6.4,22.6,17.6,29,,56.4,
2019.6.5,23,17.8,29.6,,63.8,
2019.6.6,21.2,18.6,25.1,7.5,75.9,
2019.6.7,20,17,24.7,35.3,77.3,
2019.6.8,21.9,16,27.6,,57.5,
2019.6.9,21.6,17.1,26.5,2.5,66.1,
2019.6.10,18.4,15.7,21.9,9.5,70.3,
2019.6.11,20.5,15.5,26.1,,51.1,
2019.6.12,21.5,16.1,26.4,,57.1,
2019.6.13,23,16.6,28.8,,51.9,
2019.6.14,23,19.1,28.4,,54.8,
2019.6.15,21.9,17.9,27.4,2.1,61.5,
2019.6.16,22,16.1,27.2,,55.4,
2019.6.17,21.7,18.1,26.2,0,59.1,
2019.6.18,20.8,17,24.8,13.8,78.6,
2019.6.19,21.4,18.9,25.4,0.2,77.8,
2019.6.20,22.7,19.8,27.8,,70.6,
2019.6.21,22.1,19.4,26.1,0.2,72.9,
2019.6.22,24.2,17.7,30.6,,42.3,
2019.6.23,25,19.1,31,,40.4,
2019.6.24,25.2,20.9,30.9,,46.9,
2019.6.25,25.6,19.5,32.8,,49.1,
2019.6.26,25.5,20.7,29.5,0,52.6,
2019.6.27,25.5,21.9,31.2,1.4,70.5,
2019.6.28,24.7,22.3,29,0,67.3,
2019.6.29,23.1,19.6,27.7,1.5,72,
2019.6.30,23.9,20.9,28.5,0,73.5,
2019.7.1,23.9,20.6,28.9,,64.4,
2019.7.2,24.4,20.8,30.1,,63.5,
2019.7.3,24.1,21.2,27.4,,64.6,
2019.7.4,25.4,20,32.8,,59.6,
2019.7.5,27.6,20.2,35,0,42.1,
2019.7.6,29.7,24.6,36.1,,40.9,
2019.7.7,26.7,22.7,32.5,,43.3,
2019.7.8,25.1,21.2,31,,46.6,
2019.7.9,25,19.7,30,,46.4,
2019.7.10,22.7,19.3,27.3,8.5,64.1,
2019.7.11,21.9,19.5,25.9,2.9,76.9,
2019.7.12,23.6,20,28.7,,65.5,
2019.7.13,24.9,22.1,29.7,0,67.3,
2019.7.14,25.9,21.2,31.6,,64.6,
2019.7.15,23.8,22.1,27.4,7.7,80,
2019.7.16,24.7,21.4,28.8,6.3,79,
2019.7.17,25.6,22.3,29.2,0.7,73.9,
2019.7.18,26.9,23.3,32.1,,65,
2019.7.19,28.6,22.8,35,0,61.3,
2019.7.20,28,25.1,31.9,1.1,66.9,
2019.7.21,25.1,24.2,27,6.2,87.1,
2019.7.22,26.7,24.2,31,0.1,74.6,
2019.7.23,28.1,24.4,32.9,,70.8,
2019.7.24,26.5,25.2,27.2,1,82.3,
2019.7.25,26.3,25.6,27.4,9.7,90.1,
2019.7.26,25.1,23.7,25.9,60,95.3,
2019.7.27,28.4,24.9,33.4,0.6,76.6,
2019.7.28,26.1,25,28.2,25.6,88.3,
2019.7.29,27.5,25.6,30,0.5,74.5,
2019.7.30,28.1,26.3,30.8,1.2,75.3,
2019.7.31,25.8,24,27.5,62.3,91.1,
2019.8.1,26.3,23.5,30.1,26.9,86.4,
2019.8.2,28.4,24.7,33.1,,74.6,
2019.8.3,29.4,25.6,36,3,69,
2019.8.4,28.3,25,34.4,8.6,75.9,
2019.8.5,30.5,25.6,35.9,,65.5,
2019.8.6,31.6,27.9,36.8,,51.4,
2019.8.7,26.9,23.9,30.3,8,78.1,
2019.8.8,28.9,25.9,32.7,0,71.4,
2019.8.9,29.8,26,34.6,,69,
2019.8.10,31.5,26.6,36.5,,57.9,
2019.8.11,30.4,26.3,35.7,6.7,53.6,
2019.8.12,26.6,24.8,28.5,56.2,91.8,
2019.8.13,29.2,25.1,35.3,6.4,76.9,
2019.8.14,30.4,25.9,35.7,,63.9,
2019.8.15,25.9,23.9,28.6,16.2,82,
2019.8.16,25.9,23,29.5,0.1,74.5,
2019.8.17,25.9,23.4,28.8,0,69.5,
2019.8.18,25.6,22.6,30.7,,66.5,
2019.8.19,26.3,21.2,31.3,,60.6,
2019.8.20,28.2,23.2,32.8,,56.3,
2019.8.21,27,24.4,30.4,1.3,67.3,
2019.8.22,26.9,23,31.4,,66.5,
2019.8.23,26.2,22.7,30.5,,58.4,
2019.8.24,24.1,21.5,27.3,,60.9,
2019.8.25,25,20.2,29.9,,66.6,
2019.8.26,26.4,21.5,32.1,,63.8,
2019.8.27,25.7,22.2,29.3,20,71.1,
2019.8.28,26.1,23.6,30.2,,66.2,
2019.8.29,23.4,20.1,26.4,36.9,77.1,
2019.8.30,22.6,19.5,27,0.2,66.3,
2019.8.31,23.5,18.5,28.9,,65,
2019.9.1,23.7,19.2,27.8,,64,
2019.9.2,24.4,19.4,29.7,,56.6,
2019.9.3,24.1,22,28,0,67.6,
2019.9.4,22.8,21.2,25.5,22.7,89,
2019.9.5,23,21.5,27.6,36.4,91.4,
2019.9.6,25.3,21.6,29.1,2.4,79.8,
2019.9.7,25.7,22.6,29.5,2.8,72.9,
2019.9.8,24.7,22.9,27.3,0,76.9,
2019.9.9,25.1,22.4,28,0,74.3,
2019.9.10,23.8,22.1,26.5,63.2,93.4,
2019.9.11,24.3,20.4,28.7,7.6,71.4,
2019.9.12,21,18.7,22.9,3.9,72.3,
2019.9.13,23.3,18.3,29.3,0.1,60.4,
2019.9.14,22.4,20.8,24.1,0.3,80,
2019.9.15,24.2,19.5,30,,70.4,
2019.9.16,24.5,20.7,30.5,,53,
2019.9.17,23.5,18,29,,41.6,
2019.9.18,21,16,25.4,,46,
2019.9.19,19.5,13.6,26,,46.5,
2019.9.20,19.6,15.8,24.2,,52.8,
2019.9.21,19.6,18.3,22.1,,60.3,
2019.9.22,18.6,17.3,19.6,0.4,63.4,
2019.9.23,20,16.9,24.6,,51.1,
2019.9.24,19.8,13.9,26.5,,61.3,
2019.9.25,20.9,14.8,27.4,,64.4,
2019.9.26,22.9,17.7,29,,59.3,
2019.9.27,22.9,19.6,27,,57.5,
2019.9.28,23.7,19.4,29.2,,58.9,
2019.9.29,22.6,17.9,28.6,,60.6,
2019.9.30,22.4,16.4,29.9,,61,
2019.10.1,23.1,17.6,28.2,,67.1,
2019.10.2,21.6,20,24.2,23.1,88,
2019.10.3,22.4,19.8,27.3,4.6,73.4,
2019.10.4,22.4,18,27.8,,71.5,
2019.10.5,18.7,14.7,21.9,0.6,72.6,
2019.10.6,18.1,13.2,22.7,,53.4,
2019.10.7,14.8,13.3,17.9,25.4,92,
2019.10.8,14.7,10.6,19.8,,58.8,
2019.10.9,13.6,7.7,20.4,,48.3,
2019.10.10,15.2,10.7,19.8,,60.9,
2019.10.11,18.8,13,26.1,,60,
2019.10.12,17.9,13.3,23.3,,49.3,
2019.10.13,17.2,12.1,23.8,,52.6,
2019.10.14,14.4,9.5,19.6,,56.9,
2019.10.15,14.5,8.8,20.4,,55.6,
2019.10.16,14.6,9,20.8,,58.3,
2019.10.17,15.4,11.2,21.6,,56,
2019.10.18,17,12,22.7,,58.3,
2019.10.19,17,12.1,23.1,,63.8,
2019.10.20,16.5,12,22.9,,70.3,
2019.10.21,17.1,10.9,24.6,,61,
2019.10.22,18.1,13.3,24.4,,56.1,
2019.10.23,17,14.3,20.7,,57.3,
2019.10.24,18.3,15.3,23.8,,47.6,
2019.10.25,16.7,13.1,22,0,58,
2019.10.26,10,6.6,14.9,,60,
2019.10.27,11,4.7,17.4,,59,
2019.10.28,12.9,7.4,17.7,1.7,65.9,
2019.10.29,12.5,8.2,17.6,0.1,61,
2019.10.30,11.2,5,17.7,,60.3,
2019.10.31,14.8,8.4,19.7,,73.8,
2019.11.1,14.9,11.4,20.5,,57.9,
2019.11.2,13.6,8.3,18.7,,57.3,
2019.11.3,14.7,9.4,22.1,,57.8,
2019.11.4,13.8,9.2,20.3,,57.8,
2019.11.5,12.4,8.4,18.4,,65.1,
2019.11.6,11,6.3,16.5,,63.6,
2019.11.7,9.2,5,13.6,,42.8,
2019.11.8,6.8,1.1,13,,31.4,
2019.11.9,9.5,3.5,17.2,,41.4,
2019.11.10,10,6.2,15.3,11.8,59.6,
2019.11.11,11.2,7.9,15.1,1.1,71.6,
2019.11.12,9.3,4.8,14.5,,63.6,
2019.11.13,7.2,3,11.3,7.5,72.3,
2019.11.14,1.3,-2.5,5,,30.6,
2019.11.15,5.6,1.4,7.6,18.8,87.4,
2019.11.16,6.8,3.8,12.7,,81.3,
2019.11.17,8.3,5.6,10.5,21.1,79.4,
2019.11.18,4.6,0.4,12.7,14.7,59.8,
2019.11.19,0.2,-3.5,4,0,48,
2019.11.20,0.5,-4.6,6.3,,35.5,
2019.11.21,4.2,-2.3,9,,37.4,
2019.11.22,9.7,3,17.3,,34.1,
2019.11.23,12.1,7.7,17.7,,52,
2019.11.24,9.8,4.6,15.6,3.8,74.6,
2019.11.25,1.9,-1.2,6,,62.1,
2019.11.26,6.6,1.2,13.7,,64,
2019.11.27,3.1,0.3,6.8,,50.8,
2019.11.28,3.5,-0.6,10.4,,52.4,
2019.11.29,1.5,-3.4,6.9,,42.8,
2019.11.30,4.1,-1.4,9.3,,42.6,
2019.12.1,4.6,2.3,6.2,3.3,79.4,
2019.12.2,-0.1,-3.2,2.8,,48,
2019.12.3,0.5,-5,4.2,0.6,61.3,
2019.12.4,2,-2,7.2,0,41.6,
2019.12.5,-4.4,-8.5,-0.2,,31.9,
2019.12.6,-5.9,-10.6,-1,,34.5,
2019.12.7,-2.4,-5.5,1.2,0.1,65,0
2019.12.8,-0.9,-5.5,4.9,,65.1,
2019.12.9,3.2,-1.3,8,0,56.8,
2019.12.10,8.1,6,10.8,1.7,82.3,
2019.12.11,6.3,0.1,9.8,0.2,62,
2019.12.12,-0.7,-3.5,3.4,,45.4,
2019.12.13,2.1,-3.7,5.9,1,53.6,
2019.12.14,2.7,-0.1,6.4,0,58.3,
2019.12.15,5.3,0.4,11,,52.5,
2019.12.16,7.8,2.1,12.9,,58.9,
2019.12.17,7.7,3.2,10.2,9.8,81.4,
2019.12.18,0.8,-1.7,5.2,,64.6,
2019.12.19,-0.8,-4.5,3.1,0,47.8,
2019.12.20,-1.1,-3.5,2,0,45.3,
2019.12.21,-1.2,-5.1,1.5,0.6,68.1,
2019.12.22,4.1,0.3,8.4,0.3,63.4,
2019.12.23,3.4,0.3,5.2,2.9,80.4,
2019.12.24,0.8,-2.9,6.5,,67.9,
2019.12.25,2,-2.7,6.6,,60.8,
2019.12.26,2,-2.4,4.1,0.3,59,
2019.12.27,-1.7,-4.6,2.6,,45.4,
2019.12.28,1.1,-3.6,6.1,,47.6,
2019.12.29,3.8,1.1,6.2,1.4,52.5,
2019.12.30,2.7,-5.7,6.8,0.4,70.3,
2019.12.31,-7.9,-10.9,-4.5,0,39.3,
2020.1.1,-2.2,-6.5,0.3,0.1,64.4,0
2020.1.2,1,-0.7,3.8,,65.4,
2020.1.3,-0.1,-3.4,4.6,,56.9,
2020.1.4,1.2,-2.8,6.1,,50.8,
2020.1.5,1.3,-3.2,6.6,,45.6,
2020.1.6,3.1,0.6,4.6,1.8,65.4,
2020.1.7,6.3,4.2,7.7,46.3,95,
2020.1.8,2.4,-0.4,8.9,11.6,86.1,
2020.1.9,-1.2,-3.1,2,,65.3,
2020.1.10,-0.6,-4.3,4.2,,62.9,
2020.1.11,-0.1,-2.6,3.9,,60.9,
2020.1.12,-1,-3.5,2.8,,61.5,
2020.1.13,-2.9,-4.7,0.2,,51,
2020.1.14,-2.3,-5.7,2.6,,45.3,
2020.1.15,-2.7,-6.4,2.2,,44.8,
2020.1.16,-1.7,-5.5,3.2,,43,
2020.1.17,-0.6,-4.8,4.9,,43.9,
2020.1.18,0.3,-4.1,5.9,,48.1,
2020.1.19,1.9,-0.4,5.3,0.6,62.8,0.3
2020.1.20,0.7,-3.3,5.5,,46.8,
2020.1.21,-0.4,-5.6,5.5,,36.9,
2020.1.22,3,-0.1,7.8,,36,
2020.1.23,4.6,0,9.9,,49.3,
2020.1.24,2.8,-1.3,7.4,,63,
2020.1.25,4.3,0.6,8.8,,63.1,
2020.1.26,5.5,-0.2,11.9,,56.3,
2020.1.27,5.9,4.8,7.5,0.1,48.1,
2020.1.28,6.8,4.3,9.9,0,49.4,
2020.1.29,6,3.2,9.6,,46.4,
2020.1.30,5.2,1.4,10.4,,47,
2020.1.31,3.9,1.4,8.9,0,59.6,
2020.2.1,2.6,-1.2,7.6,,66.6,
2020.2.2,1.5,-2.1,5.3,,52.3,